-- MySQL dump 10.13  Distrib 8.0.21, for Linux (x86_64)
--
-- Host: localhost    Database: daifu
-- ------------------------------------------------------
-- Server version	8.0.21

/*!40101 SET @OLD_CHARACTER_SET_CLIENT=@@CHARACTER_SET_CLIENT */;
/*!40101 SET @OLD_CHARACTER_SET_RESULTS=@@CHARACTER_SET_RESULTS */;
/*!40101 SET @OLD_COLLATION_CONNECTION=@@COLLATION_CONNECTION */;
/*!50503 SET NAMES utf8mb4 */;
/*!40103 SET @OLD_TIME_ZONE=@@TIME_ZONE */;
/*!40103 SET TIME_ZONE='+00:00' */;
/*!40014 SET @OLD_UNIQUE_CHECKS=@@UNIQUE_CHECKS, UNIQUE_CHECKS=0 */;
/*!40014 SET @OLD_FOREIGN_KEY_CHECKS=@@FOREIGN_KEY_CHECKS, FOREIGN_KEY_CHECKS=0 */;
/*!40101 SET @OLD_SQL_MODE=@@SQL_MODE, SQL_MODE='NO_AUTO_VALUE_ON_ZERO' */;
/*!40111 SET @OLD_SQL_NOTES=@@SQL_NOTES, SQL_NOTES=0 */;

--
-- Table structure for table `admin_menu`
--

DROP TABLE IF EXISTS `admin_menu`;
/*!40101 SET @saved_cs_client     = @@character_set_client */;
/*!50503 SET character_set_client = utf8mb4 */;
CREATE TABLE `admin_menu` (
  `id` bigint NOT NULL AUTO_INCREMENT COMMENT '编号',
  `status` bigint DEFAULT NULL COMMENT '状态',
  `type` bigint DEFAULT NULL COMMENT '类型',
  `order_id` bigint DEFAULT NULL COMMENT '排序id',
  `target` bigint DEFAULT NULL COMMENT '打开方式',
  `parent_id` bigint DEFAULT NULL COMMENT '上级ID',
  `is_navi` bigint DEFAULT NULL COMMENT '导航',
  `show` bigint DEFAULT NULL COMMENT '显示',
  `path` varchar(255) DEFAULT NULL COMMENT '请求路径',
  `name` varchar(128) DEFAULT NULL COMMENT '菜单名称',
  `icon` varchar(255) DEFAULT NULL COMMENT '菜单图标',
  `desc` varchar(255) DEFAULT NULL COMMENT '描述',
  `args` varchar(255) DEFAULT NULL COMMENT '参数',
  `updated_at` datetime DEFAULT NULL COMMENT '更新时间',
  `created_at` datetime DEFAULT NULL COMMENT '创建时间',
  PRIMARY KEY (`id`)
) ENGINE=InnoDB AUTO_INCREMENT=150 DEFAULT CHARSET=utf8mb4 COLLATE=utf8mb4_0900_ai_ci;
/*!40101 SET character_set_client = @saved_cs_client */;

--
-- Dumping data for table `admin_menu`
--

LOCK TABLES `admin_menu` WRITE;
/*!40000 ALTER TABLE `admin_menu` DISABLE KEYS */;
INSERT INTO `admin_menu` VALUES (1,1,0,1,2,0,1,2,'/index','首页','shouye','desc','','2021-03-25 09:07:45','2021-03-25 08:58:37'),(2,1,0,2,1,0,1,1,'/member','会员','CPhezuo','desc','','2021-03-25 09:04:14','2021-03-25 08:58:58'),(4,1,0,4,1,0,1,2,'/order','订单','yemianliu','desc','','2021-03-25 09:10:17','2021-03-25 09:01:09'),(5,1,0,5,1,0,1,1,'/finance','财务','jinbi','','','2021-03-25 09:02:35','2021-03-25 09:02:35'),(6,1,0,6,1,0,1,1,'/sf','收付','fuwuguanli','','','2021-03-25 09:02:59','2021-03-25 09:02:59'),(7,1,0,7,1,0,1,1,'/setting','设置','kongzhizhongxin','','','2021-03-25 09:03:26','2021-03-25 09:03:26'),(8,1,0,1,1,2,1,1,'/member/index','会员首页','qunzu','desc','','2021-03-25 09:13:16','2021-03-25 09:13:05'),(10,1,0,1,1,7,1,1,'/setting/index','设置首页','shouye_o','','','2021-03-25 20:49:15','2021-03-25 20:49:15'),(11,1,0,2,1,7,1,1,'/setting/auth','权限管理','RectangleCopy173','','','2021-03-25 21:38:47','2021-03-25 20:50:10'),(12,1,0,1,1,1,0,1,'、','公共权限','','','','2021-03-25 20:53:34','2021-03-25 20:53:34'),(13,1,0,1,1,12,0,1,'/dev/user/menu','用户菜单获取','','','','2021-03-25 20:54:26','2021-03-25 20:54:26'),(14,1,0,1,1,11,1,1,'/setting/auth/group','角色管理','qunzu_o','平台角色管理','','2021-03-25 20:59:47','2021-03-25 20:59:47'),(15,1,0,2,1,11,1,1,'/setting/auth/menu','菜单配置','RectangleCopy51','系统菜单配置','','2021-03-25 21:01:25','2021-03-25 21:01:25'),(16,1,0,3,1,11,1,1,'/setting/auth/rule','权限配置','RectangleCopy176','分配访问权限','','2021-03-25 21:46:03','2021-03-25 21:02:05'),(17,1,0,1,1,15,0,1,'/dev/menu/fetch','菜单读取','','','','2021-03-25 21:04:10','2021-03-25 21:04:10'),(18,1,0,2,1,15,0,1,'/dev/menu/delete','删除菜单','','','','2021-03-25 21:04:33','2021-03-25 21:04:33'),(19,1,0,3,1,15,0,1,'/dev/menu/post','菜单修改','','','','2021-03-25 21:05:02','2021-03-25 21:05:02'),(20,1,0,4,1,15,0,1,'/dev/menu/order','顺序设置','','','','2021-03-25 21:05:36','2021-03-25 21:05:36'),(21,1,0,50,1,14,0,1,'/dev/role/fetch','角色读取','','','','2021-03-25 21:28:26','2021-03-25 21:28:26'),(22,1,0,50,1,14,0,1,'/dev/role/post','角色修改','','','','2021-03-25 21:28:44','2021-03-25 21:28:44'),(23,1,0,50,1,14,0,1,'/dev/role/menu','角色菜单','','','','2021-03-25 21:33:04','2021-03-25 21:33:04'),(24,1,0,50,1,12,0,1,'/dev/analysis/summary','数据汇总','','','','2021-03-26 09:20:21','2021-03-26 09:20:21'),(25,1,0,50,1,15,0,1,'/dev/role/grant','菜订授权','','','','2021-03-26 09:22:43','2021-03-26 09:22:43'),(26,1,0,50,1,12,0,1,'/dev/user/stat','用户金额信息','','','','2021-03-26 09:51:02','2021-03-26 09:51:02'),(27,1,0,2,1,2,1,1,'/member/user','账号管理','CPhezuo_o','商户账号信息维护','','2021-03-26 09:59:50','2021-03-26 09:58:03'),(28,1,0,1,1,27,1,1,'/member/biz','商户账号','jingliren','商户账号维护','','2021-03-27 09:02:10','2021-03-26 10:00:43'),(29,1,0,60,1,27,0,2,'/member/client','公有权限','guanliyuanrenzheng','卡商账号管理','','2022-02-17 15:32:03','2021-03-26 10:03:58'),(31,1,0,50,1,29,0,1,'/dev/user/post','账号创建','','','','2021-03-26 10:45:56','2021-03-26 10:45:56'),(32,1,0,50,1,29,0,1,'/dev/user/fetch','账号读取','','','','2021-03-26 10:46:50','2021-03-26 10:46:50'),(33,1,0,50,1,29,0,1,'/dev/user/delete','账号删除','','','','2021-03-26 11:32:20','2021-03-26 11:32:20'),(34,1,0,50,1,29,0,1,'/dev/user/status','状修设置','','','','2021-03-26 12:51:54','2021-03-26 12:51:54'),(35,1,0,50,1,29,0,1,'/dev/user/member','商户修改','','','','2021-03-27 19:18:51','2021-03-27 19:18:51'),(36,1,0,1,1,6,1,1,'/sf/index','收付首页','fuwuguanli','','','2021-03-27 20:44:26','2021-03-27 20:44:26'),(37,1,0,2,1,6,1,1,'/sf/','收付管理','fuwuguanli','','','2021-03-27 20:47:19','2021-03-27 20:44:58'),(39,1,0,4,1,37,1,1,'/sf/bank','银行列表','dunpaibaoxianrenzheng','全局银行列表维护','','2021-08-04 11:21:37','2021-03-27 20:46:30'),(41,1,0,3,1,37,1,1,'/sf/channel','通道管理','jiazai_shuaxin','通道管理/状态控制','','2021-08-04 11:21:32','2021-03-27 20:49:06'),(43,1,0,50,1,39,0,1,'/dev/bank/post','银行管理','','','','2021-03-27 21:18:42','2021-03-27 21:18:42'),(44,1,0,50,1,39,0,1,'/dev/bank/delete','银行删除','','','','2021-03-27 21:19:57','2021-03-27 21:19:05'),(45,1,0,50,1,39,0,1,'/dev/bank/fetch','银行读取','','','','2021-03-27 21:19:45','2021-03-27 21:19:45'),(46,1,0,50,1,39,0,1,'/dev/bank/status','修改状态','','','','2021-03-27 21:20:25','2021-03-27 21:20:25'),(47,1,0,50,1,41,0,1,'/dev/channel/post','数据维护','','','','2021-03-27 21:48:30','2021-03-27 21:48:30'),(48,1,0,50,1,41,0,1,'/dev/channel/fetch','数据读取','','','','2021-03-27 21:48:53','2021-03-27 21:48:53'),(49,1,0,50,1,41,0,1,'/dev/channel/delete','数据删除','','','','2021-03-27 21:49:05','2021-03-27 21:49:05'),(50,1,0,50,1,41,0,1,'/dev/channel/status','状态修改','','','','2021-03-27 21:49:19','2021-03-27 21:49:19'),(51,1,0,1,1,4,0,1,'/order/index','订单首页','shouye_o','','','2021-03-27 22:45:39','2021-03-27 22:45:28'),(53,1,0,2,1,4,1,1,'/order/admin','订单管理','yemianliu_o','收付订单列表','','2021-03-27 22:47:30','2021-03-27 22:47:30'),(54,1,0,1,1,53,1,1,'/order/list','代付订单','yemianliu_o','代付订单列表','','2021-03-27 22:48:50','2021-03-27 22:48:50'),(55,1,0,2,1,53,1,1,'/order/bank','代收订单','gerenxinxi','代收订单列表','','2021-03-27 22:50:05','2021-03-27 22:50:05'),(56,1,0,50,1,60,0,1,'/dev/card/post','数据维护','','','','2021-10-18 10:01:33','2021-03-28 08:29:03'),(57,1,0,50,1,60,0,1,'/dev/card/fetch','数据读取','','','','2021-10-18 10:02:49','2021-03-28 08:29:28'),(58,1,0,50,1,60,0,1,'/dev/card/delete','数据删除','','','','2021-10-18 10:02:33','2021-03-28 08:29:37'),(59,1,0,50,1,60,0,1,'/dev/card/status','状态修改','','','','2021-10-18 10:02:02','2021-03-28 08:29:51'),(60,1,0,1,1,37,1,1,'/sf/serve','收付管理','fuwuxunhuanguanli','用于代付/代收业务','','2022-02-16 20:28:53','2021-03-28 09:55:02'),(61,1,0,50,1,42,0,1,'/dev/device/post','数据维护','','','','2021-03-28 19:56:58','2021-03-28 19:56:58'),(62,1,0,50,1,42,0,1,'/dev/device/fetch','数据读取','','','','2021-03-28 19:57:23','2021-03-28 19:57:23'),(63,1,0,50,1,42,0,1,'/dev/device/delete','数据删除','','','','2021-03-28 19:57:33','2021-03-28 19:57:33'),(64,1,0,50,1,42,0,1,'/dev/device/status','状态修改','','','','2021-03-28 19:57:46','2021-03-28 19:57:46'),(65,1,0,3,1,7,1,1,'/setting','系统维护','shu','','','2021-03-29 08:18:21','2021-03-29 08:18:21'),(66,1,0,1,1,65,1,1,'/setting/version','版本管理','yingyongAPP_o','APP版本维护','','2021-03-29 08:19:39','2021-03-29 08:18:53'),(67,1,0,50,1,65,1,1,'/setting/action','操作日志','baocun','操作日志记录','','2021-03-29 08:19:28','2021-03-29 08:19:28'),(68,1,0,1,1,5,1,1,'/finance/index','财务首页','shouye_o','','','2021-03-29 09:08:29','2021-03-29 09:08:29'),(69,1,0,2,1,5,1,1,'/finance/navi','快捷向导','ding_o','','','2021-03-29 09:09:01','2021-03-29 09:09:01'),(72,1,0,3,1,69,1,1,'/finance/transaction','账户流水','huobiliu_o','交易流水查询','','2021-03-29 09:12:41','2021-03-29 09:12:41'),(73,1,0,50,1,29,0,1,'/dev/chain/post','商户通道','','','','2021-03-30 14:54:23','2021-03-30 14:54:23'),(74,1,0,50,1,70,0,1,'/dev/recharge/post','数据维护','','','','2021-03-31 09:24:46','2021-03-31 09:24:46'),(75,1,0,50,1,70,0,1,'/dev/recharge/fetch','数据读取','','','','2021-03-31 09:25:18','2021-03-31 09:25:18'),(76,1,0,50,1,70,0,1,'/dev/recharge/delete','数据删除','','','','2021-04-01 09:40:00','2021-03-31 09:25:34'),(77,1,0,50,1,70,0,1,'/dev/recharge/status','状态修改','','','','2021-03-31 09:25:48','2021-03-31 09:25:48'),(78,1,0,50,1,71,0,1,'/dev/withdrawal/post','数据维护','','','','2021-04-01 09:38:09','2021-04-01 09:38:09'),(79,1,0,50,1,71,0,1,'/dev/withdrawal/fetch','数据读取','','','','2021-04-01 09:38:30','2021-04-01 09:38:30'),(80,1,0,50,1,71,0,1,'/dev/withdrawal/delete','数据删除','','','','2021-04-01 09:40:30','2021-04-01 09:38:38'),(81,1,0,50,1,71,0,1,'/dev/withdrawal/status','状态修改','','','','2021-04-01 09:39:00','2021-04-01 09:39:00'),(82,1,0,50,1,72,0,1,'/dev/balance/fetch','数据读取','','','','2021-04-01 10:39:02','2021-04-01 10:39:02'),(83,1,0,50,1,12,0,1,'/dev/user/goauth','谷歌绑定','','','','2021-04-01 12:24:32','2021-04-01 12:24:32'),(84,1,0,50,1,12,0,1,'/dev/user/modifypwd','修改密码','','','','2021-04-01 13:21:43','2021-04-01 13:20:53'),(85,1,0,50,1,12,0,1,'/dev/user/reset','用户重置','','','','2021-04-01 13:34:58','2021-04-01 13:34:58'),(86,1,0,50,1,60,0,1,'/dev/card/bind','卡片绑定','','','','2021-04-01 21:03:56','2021-04-01 21:03:56'),(87,1,0,50,1,53,0,1,'/dev/order/','公有权限','youjian','','','2022-01-20 09:36:14','2021-04-02 09:29:57'),(88,1,0,50,1,87,0,1,'/dev/order/fetch','读取','','','','2021-04-02 09:30:36','2021-04-02 09:30:36'),(89,1,0,50,1,87,0,1,'/dev/order/post','代付下单','','','','2022-01-20 09:35:44','2021-04-02 10:07:31'),(90,1,0,50,1,94,0,1,'/dev/order/finish','确认收款','','','','2021-09-10 16:49:07','2021-04-03 09:29:27'),(91,1,0,50,1,94,0,1,'/dev/order/fail','付款失败','','','','2021-09-10 16:49:30','2021-04-03 12:25:01'),(92,1,0,50,1,60,0,1,'/dev/bank/fetch','银行列表','','','','2021-10-18 10:01:20','2021-04-04 15:11:06'),(93,1,0,50,1,27,1,1,'/member/admin','管理员账号','gerentouxiang','管理员账号维护','','2021-04-06 10:33:48','2021-04-06 10:31:39'),(94,1,0,50,1,53,0,1,'/dev/order/fresh','私有权限','youjian','','','2022-01-20 09:36:26','2021-04-07 11:17:24'),(95,1,0,50,1,29,0,1,'/dev/agent/limit','费率限制','','','','2021-04-09 12:54:14','2021-04-09 12:54:14'),(96,1,0,50,1,29,0,1,'/dev/agent/post','费率设置','','','','2021-04-09 14:30:11','2021-04-09 14:30:11'),(97,1,0,50,1,87,0,1,'/dev/order/pay','代收下单','','','','2022-01-20 09:35:52','2021-04-10 09:18:40'),(98,1,0,50,1,28,0,1,'/dev/user/post','商户创建','','','','2021-04-10 14:58:18','2021-04-10 14:58:18'),(99,1,0,50,1,28,0,1,'/dev/user/fetch','商户读取','','','','2021-04-10 14:58:50','2021-04-10 14:58:50'),(100,1,0,50,1,28,0,1,'/dev/channel/fetch','通道读取','','','','2021-04-10 15:01:02','2021-04-10 15:01:02'),(101,1,0,50,1,28,0,1,'/dev/user/member','会员维护','','','','2021-04-10 16:50:53','2021-04-10 16:50:53'),(102,1,0,50,1,28,0,1,'/dev/agent/fetch','代理费率读取','','','','2021-04-10 17:09:03','2021-04-10 17:09:03'),(103,1,0,50,1,28,0,1,'/dev/chain/post','费率设置','','','','2021-04-10 17:59:43','2021-04-10 17:59:43'),(104,1,0,50,1,12,0,1,'/dev/order/read','消息读取','','','','2021-04-12 17:05:38','2021-04-12 17:05:38'),(107,1,0,50,1,106,0,1,'/dev/alipay/post','数据维护','','','','2021-04-15 19:51:39','2021-04-15 19:09:19'),(108,1,0,50,1,106,0,1,'/dev/alipay/fetch','数据读取','','','','2021-04-15 19:51:46','2021-04-15 19:09:39'),(109,1,0,50,1,106,0,1,'/dev/alipay/delete','数据删除','','','','2021-04-15 19:51:51','2021-04-15 19:09:56'),(110,1,0,50,1,106,0,1,'/dev/alipay/status','状态修改','','','','2021-04-15 19:51:56','2021-04-15 19:10:08'),(111,1,0,50,1,105,0,1,'/dev/order/alipay','手动下单','','','','2021-04-15 21:17:22','2021-04-15 21:17:22'),(112,1,0,50,1,12,0,1,'/dev/order/out','数据导出','','','','2021-04-17 12:19:23','2021-04-17 12:19:23'),(113,1,0,50,1,12,0,1,'/dev/balance/out','流水导出','','','','2021-04-17 15:30:29','2021-04-17 15:30:29'),(114,1,0,50,1,66,0,1,'/dev/version/post','数据维护','','','','2021-04-25 10:59:47','2021-04-25 10:59:47'),(115,1,0,50,1,66,0,1,'/dev/version/fetch','数据读取','','','','2021-04-25 11:00:09','2021-04-25 11:00:09'),(116,1,0,50,1,67,0,1,'/dev/system/delete','清空日志','','','','2021-08-04 11:13:11','2021-08-04 11:13:11'),(117,1,0,50,1,67,0,1,'/dev/system/fetch','日志读取','','','','2021-08-04 11:14:03','2021-08-04 11:14:03'),(118,1,0,50,1,69,1,1,'/finance/stat','数据统计','chizi','卡商收入、成功率统计','','2021-08-26 10:51:15','2021-08-26 10:51:15'),(119,1,0,50,1,118,0,1,'/dev/analysis/stat','查询','','','','2021-08-26 10:51:36','2021-08-26 10:51:36'),(120,1,0,50,1,69,1,1,'/finance/card','卡片统计','jinbi','卡片收支统计','','2021-08-26 10:52:13','2021-08-26 10:52:13'),(121,1,0,50,1,120,0,1,'/dev/card/stat','卡片数据统计','','','','2021-08-26 10:52:33','2021-08-26 10:52:33'),(123,1,0,50,1,122,0,1,'/dev/alipay/fetch','数据读取','','','','2021-09-09 09:24:07','2021-09-09 09:24:07'),(124,1,0,50,1,122,0,1,'/dev/alipay/post','数据维护','','','','2021-09-09 09:24:45','2021-09-09 09:24:45'),(125,1,0,50,1,122,0,1,'/dev/alipay/delete','数据删除','','','','2021-09-09 09:24:59','2021-09-09 09:24:59'),(126,1,0,50,1,122,0,1,'/dev/alipay/status','状态修改','','','','2021-09-09 09:25:15','2021-09-09 09:25:15'),(129,1,0,50,1,27,1,1,'/member/agent','代理账号','jingliren','代理账号列表','','2021-10-06 19:36:18','2021-10-06 19:35:45'),(130,1,0,50,1,94,0,1,'/dev/order/mod','修改金额','','','','2021-10-08 14:44:39','2021-10-08 14:44:39'),(131,1,0,50,1,12,0,1,'/dev/user/child','下级读取','','','','2021-10-18 20:28:51','2021-10-18 20:28:51'),(132,1,0,50,1,12,0,1,'/dev/user/balance','实时余额','','','','2021-10-20 22:59:32','2021-10-20 22:59:32'),(133,1,0,50,1,12,0,1,'/dev/card/query','卡片查询','','','','2021-10-21 16:12:35','2021-10-21 16:12:35'),(134,1,0,50,1,12,0,1,'/dev/chain/fetch','费率查询','','','','2021-10-22 11:23:14','2021-10-22 11:23:14'),(135,1,0,50,1,134,0,1,'/dev/chain/post','添加费率','','','','2021-10-22 19:47:43','2021-10-22 19:47:43'),(136,1,0,50,1,12,0,1,'/dev/order/cert','凭证上传','','','','2021-10-23 16:52:33','2021-10-23 16:52:33'),(137,1,0,50,1,12,0,1,'/dev/user/money','保证金转入转出','','','','2021-10-26 20:37:30','2021-10-26 20:37:30'),(138,1,0,50,1,94,0,1,'/dev/order/dist','手动分配卡商','','','','2021-10-29 22:14:58','2021-10-29 22:14:58'),(139,1,0,50,1,12,0,1,'/dev/channel/fetch','通道读取','','','','2021-11-21 15:29:00','2021-11-21 15:29:00'),(140,1,0,50,1,12,0,1,'/dev/user/fee','收益转出','','','','2022-01-23 23:41:51','2022-01-23 23:41:51'),(141,1,0,50,1,27,1,1,'/member/level','下级管理','biaoqing_xiao','下级用户','','2022-02-17 15:37:38','2022-02-17 15:28:13'),(142,1,0,3,1,27,1,1,'/member/client','卡商账号','guanliyuanrenzheng','卡商账号管理','','2022-02-17 15:33:21','2022-02-17 15:29:30'),(144,1,0,50,1,143,0,1,'/dev/card/post','数据维护','','','','2022-03-08 12:13:31','2022-03-08 12:13:31'),(145,1,0,50,1,143,0,1,'/dev/card/fetch','数据读取','','','','2022-03-08 12:13:54','2022-03-08 12:13:54'),(146,1,0,50,1,143,0,1,'/dev/card/delete','数据删除','','','','2022-03-08 12:14:17','2022-03-08 12:14:17'),(147,1,0,50,1,143,0,1,'/dev/card/status','状态修改','','','','2022-03-08 12:14:39','2022-03-08 12:14:39'),(148,1,0,50,1,143,0,1,'/dev/bank/fetch','银行读取','','','','2022-03-08 12:15:03','2022-03-08 12:15:03'),(149,1,0,50,1,12,0,1,'/dev/order/fork','卡商抢单','','','','2022-10-01 13:51:59','2022-10-01 13:51:59');
/*!40000 ALTER TABLE `admin_menu` ENABLE KEYS */;
UNLOCK TABLES;

--
-- Table structure for table `admin_role`
--

DROP TABLE IF EXISTS `admin_role`;
/*!40101 SET @saved_cs_client     = @@character_set_client */;
/*!50503 SET character_set_client = utf8mb4 */;
CREATE TABLE `admin_role` (
  `id` bigint NOT NULL AUTO_INCREMENT COMMENT 'id',
  `name` varchar(64) DEFAULT NULL COMMENT '名称',
  `icon` varchar(255) DEFAULT NULL COMMENT '图标',
  `desc` varchar(255) DEFAULT NULL COMMENT '描述',
  `status` bigint DEFAULT NULL COMMENT '状态',
  `updated_at` datetime DEFAULT NULL COMMENT '更新时间',
  `created_at` datetime DEFAULT NULL COMMENT '创建时间',
  PRIMARY KEY (`id`)
) ENGINE=InnoDB AUTO_INCREMENT=5 DEFAULT CHARSET=utf8mb4 COLLATE=utf8mb4_0900_ai_ci;
/*!40101 SET character_set_client = @saved_cs_client */;

--
-- Dumping data for table `admin_role`
--

LOCK TABLES `admin_role` WRITE;
/*!40000 ALTER TABLE `admin_role` DISABLE KEYS */;
INSERT INTO `admin_role` VALUES (1,'管理员',NULL,'拥有系统最高权限',1,'2021-03-25 08:54:41','2021-03-25 08:54:41'),(2,'代理',NULL,'可创建商户、卡商获取佣金',1,'2021-03-25 08:55:26','2021-03-25 08:55:26'),(3,'商户',NULL,'拥用手动、API下单权限',1,'2021-03-25 08:56:00','2021-03-25 08:56:00'),(4,'卡商',NULL,'收付卡号供应商',1,'2021-03-25 08:57:06','2021-03-25 08:56:41');
/*!40000 ALTER TABLE `admin_role` ENABLE KEYS */;
UNLOCK TABLES;

--
-- Table structure for table `admin_role_menu`
--

DROP TABLE IF EXISTS `admin_role_menu`;
/*!40101 SET @saved_cs_client     = @@character_set_client */;
/*!50503 SET character_set_client = utf8mb4 */;
CREATE TABLE `admin_role_menu` (
  `id` bigint NOT NULL AUTO_INCREMENT COMMENT '编号',
  `menu_id` bigint DEFAULT NULL COMMENT '菜单编号-&gt;std_menu.id',
  `role_id` bigint DEFAULT NULL COMMENT '角色编号-&gt;std_role.id',
  `updated_at` datetime DEFAULT NULL COMMENT '更新时间',
  `created_at` datetime DEFAULT NULL COMMENT '创建时间',
  PRIMARY KEY (`id`)
) ENGINE=InnoDB AUTO_INCREMENT=8277 DEFAULT CHARSET=utf8mb4 COLLATE=utf8mb4_0900_ai_ci;
/*!40101 SET character_set_client = @saved_cs_client */;

--
-- Dumping data for table `admin_role_menu`
--

LOCK TABLES `admin_role_menu` WRITE;
/*!40000 ALTER TABLE `admin_role_menu` DISABLE KEYS */;
INSERT INTO `admin_role_menu` VALUES (7360,1,3,'2022-02-15 13:26:32','2022-02-15 13:26:32'),(7361,12,3,'2022-02-15 13:26:32','2022-02-15 13:26:32'),(7362,13,3,'2022-02-15 13:26:32','2022-02-15 13:26:32'),(7363,24,3,'2022-02-15 13:26:32','2022-02-15 13:26:32'),(7364,26,3,'2022-02-15 13:26:32','2022-02-15 13:26:32'),(7365,83,3,'2022-02-15 13:26:32','2022-02-15 13:26:32'),(7366,84,3,'2022-02-15 13:26:32','2022-02-15 13:26:32'),(7367,85,3,'2022-02-15 13:26:32','2022-02-15 13:26:32'),(7368,104,3,'2022-02-15 13:26:32','2022-02-15 13:26:32'),(7369,112,3,'2022-02-15 13:26:32','2022-02-15 13:26:32'),(7370,113,3,'2022-02-15 13:26:32','2022-02-15 13:26:32'),(7371,131,3,'2022-02-15 13:26:32','2022-02-15 13:26:32'),(7372,132,3,'2022-02-15 13:26:32','2022-02-15 13:26:32'),(7373,133,3,'2022-02-15 13:26:32','2022-02-15 13:26:32'),(7374,134,3,'2022-02-15 13:26:32','2022-02-15 13:26:32'),(7375,135,3,'2022-02-15 13:26:32','2022-02-15 13:26:32'),(7376,136,3,'2022-02-15 13:26:32','2022-02-15 13:26:32'),(7377,137,3,'2022-02-15 13:26:32','2022-02-15 13:26:32'),(7378,139,3,'2022-02-15 13:26:32','2022-02-15 13:26:32'),(7379,140,3,'2022-02-15 13:26:32','2022-02-15 13:26:32'),(7380,51,3,'2022-02-15 13:26:32','2022-02-15 13:26:32'),(7381,54,3,'2022-02-15 13:26:32','2022-02-15 13:26:32'),(7382,55,3,'2022-02-15 13:26:32','2022-02-15 13:26:32'),(7383,87,3,'2022-02-15 13:26:32','2022-02-15 13:26:32'),(7384,88,3,'2022-02-15 13:26:32','2022-02-15 13:26:32'),(7385,89,3,'2022-02-15 13:26:32','2022-02-15 13:26:32'),(7386,97,3,'2022-02-15 13:26:32','2022-02-15 13:26:32'),(7387,68,3,'2022-02-15 13:26:32','2022-02-15 13:26:32'),(7388,72,3,'2022-02-15 13:26:32','2022-02-15 13:26:32'),(7389,82,3,'2022-02-15 13:26:32','2022-02-15 13:26:32'),(7390,4,3,'2022-02-15 13:26:32','2022-02-15 13:26:32'),(7391,53,3,'2022-02-15 13:26:32','2022-02-15 13:26:32'),(7392,5,3,'2022-02-15 13:26:32','2022-02-15 13:26:32'),(7393,69,3,'2022-02-15 13:26:32','2022-02-15 13:26:32'),(7845,1,1,'2022-03-08 12:15:16','2022-03-08 12:15:16'),(7846,12,1,'2022-03-08 12:15:16','2022-03-08 12:15:16'),(7847,13,1,'2022-03-08 12:15:16','2022-03-08 12:15:16'),(7848,24,1,'2022-03-08 12:15:16','2022-03-08 12:15:16'),(7849,26,1,'2022-03-08 12:15:16','2022-03-08 12:15:16'),(7850,83,1,'2022-03-08 12:15:16','2022-03-08 12:15:16'),(7851,84,1,'2022-03-08 12:15:16','2022-03-08 12:15:16'),(7852,85,1,'2022-03-08 12:15:16','2022-03-08 12:15:16'),(7853,104,1,'2022-03-08 12:15:16','2022-03-08 12:15:16'),(7854,112,1,'2022-03-08 12:15:16','2022-03-08 12:15:16'),(7855,113,1,'2022-03-08 12:15:16','2022-03-08 12:15:16'),(7856,131,1,'2022-03-08 12:15:16','2022-03-08 12:15:16'),(7857,132,1,'2022-03-08 12:15:16','2022-03-08 12:15:16'),(7858,133,1,'2022-03-08 12:15:16','2022-03-08 12:15:16'),(7859,134,1,'2022-03-08 12:15:16','2022-03-08 12:15:16'),(7860,135,1,'2022-03-08 12:15:16','2022-03-08 12:15:16'),(7861,136,1,'2022-03-08 12:15:16','2022-03-08 12:15:16'),(7862,137,1,'2022-03-08 12:15:16','2022-03-08 12:15:16'),(7863,139,1,'2022-03-08 12:15:16','2022-03-08 12:15:16'),(7864,140,1,'2022-03-08 12:15:16','2022-03-08 12:15:16'),(7865,2,1,'2022-03-08 12:15:16','2022-03-08 12:15:16'),(7866,8,1,'2022-03-08 12:15:16','2022-03-08 12:15:16'),(7867,27,1,'2022-03-08 12:15:16','2022-03-08 12:15:16'),(7868,28,1,'2022-03-08 12:15:16','2022-03-08 12:15:16'),(7869,98,1,'2022-03-08 12:15:16','2022-03-08 12:15:16'),(7870,99,1,'2022-03-08 12:15:16','2022-03-08 12:15:16'),(7871,100,1,'2022-03-08 12:15:16','2022-03-08 12:15:16'),(7872,101,1,'2022-03-08 12:15:16','2022-03-08 12:15:16'),(7873,102,1,'2022-03-08 12:15:16','2022-03-08 12:15:16'),(7874,103,1,'2022-03-08 12:15:16','2022-03-08 12:15:16'),(7875,142,1,'2022-03-08 12:15:16','2022-03-08 12:15:16'),(7876,93,1,'2022-03-08 12:15:16','2022-03-08 12:15:16'),(7877,129,1,'2022-03-08 12:15:16','2022-03-08 12:15:16'),(7878,141,1,'2022-03-08 12:15:16','2022-03-08 12:15:16'),(7879,29,1,'2022-03-08 12:15:16','2022-03-08 12:15:16'),(7880,31,1,'2022-03-08 12:15:16','2022-03-08 12:15:16'),(7881,32,1,'2022-03-08 12:15:16','2022-03-08 12:15:16'),(7882,33,1,'2022-03-08 12:15:16','2022-03-08 12:15:16'),(7883,34,1,'2022-03-08 12:15:16','2022-03-08 12:15:16'),(7884,35,1,'2022-03-08 12:15:16','2022-03-08 12:15:16'),(7885,73,1,'2022-03-08 12:15:16','2022-03-08 12:15:16'),(7886,95,1,'2022-03-08 12:15:16','2022-03-08 12:15:16'),(7887,96,1,'2022-03-08 12:15:16','2022-03-08 12:15:16'),(7888,4,1,'2022-03-08 12:15:16','2022-03-08 12:15:16'),(7889,51,1,'2022-03-08 12:15:16','2022-03-08 12:15:16'),(7890,53,1,'2022-03-08 12:15:16','2022-03-08 12:15:16'),(7891,54,1,'2022-03-08 12:15:16','2022-03-08 12:15:16'),(7892,55,1,'2022-03-08 12:15:16','2022-03-08 12:15:16'),(7893,87,1,'2022-03-08 12:15:16','2022-03-08 12:15:16'),(7894,88,1,'2022-03-08 12:15:16','2022-03-08 12:15:16'),(7895,89,1,'2022-03-08 12:15:16','2022-03-08 12:15:16'),(7896,97,1,'2022-03-08 12:15:16','2022-03-08 12:15:16'),(7897,94,1,'2022-03-08 12:15:16','2022-03-08 12:15:16'),(7898,90,1,'2022-03-08 12:15:16','2022-03-08 12:15:16'),(7899,91,1,'2022-03-08 12:15:16','2022-03-08 12:15:16'),(7900,130,1,'2022-03-08 12:15:16','2022-03-08 12:15:16'),(7901,138,1,'2022-03-08 12:15:16','2022-03-08 12:15:16'),(7902,5,1,'2022-03-08 12:15:16','2022-03-08 12:15:16'),(7903,68,1,'2022-03-08 12:15:16','2022-03-08 12:15:16'),(7904,69,1,'2022-03-08 12:15:16','2022-03-08 12:15:16'),(7905,72,1,'2022-03-08 12:15:16','2022-03-08 12:15:16'),(7906,82,1,'2022-03-08 12:15:16','2022-03-08 12:15:16'),(7907,118,1,'2022-03-08 12:15:16','2022-03-08 12:15:16'),(7908,119,1,'2022-03-08 12:15:16','2022-03-08 12:15:16'),(7909,120,1,'2022-03-08 12:15:16','2022-03-08 12:15:16'),(7910,121,1,'2022-03-08 12:15:16','2022-03-08 12:15:16'),(7911,6,1,'2022-03-08 12:15:16','2022-03-08 12:15:16'),(7912,36,1,'2022-03-08 12:15:16','2022-03-08 12:15:16'),(7913,37,1,'2022-03-08 12:15:16','2022-03-08 12:15:16'),(7914,60,1,'2022-03-08 12:15:16','2022-03-08 12:15:16'),(7915,56,1,'2022-03-08 12:15:16','2022-03-08 12:15:16'),(7916,57,1,'2022-03-08 12:15:16','2022-03-08 12:15:16'),(7917,58,1,'2022-03-08 12:15:16','2022-03-08 12:15:16'),(7918,59,1,'2022-03-08 12:15:16','2022-03-08 12:15:16'),(7919,86,1,'2022-03-08 12:15:16','2022-03-08 12:15:16'),(7920,92,1,'2022-03-08 12:15:16','2022-03-08 12:15:16'),(7921,41,1,'2022-03-08 12:15:16','2022-03-08 12:15:16'),(7922,47,1,'2022-03-08 12:15:16','2022-03-08 12:15:16'),(7923,48,1,'2022-03-08 12:15:16','2022-03-08 12:15:16'),(7924,49,1,'2022-03-08 12:15:16','2022-03-08 12:15:16'),(7925,50,1,'2022-03-08 12:15:16','2022-03-08 12:15:16'),(7926,39,1,'2022-03-08 12:15:16','2022-03-08 12:15:16'),(7927,43,1,'2022-03-08 12:15:16','2022-03-08 12:15:16'),(7928,44,1,'2022-03-08 12:15:16','2022-03-08 12:15:16'),(7929,45,1,'2022-03-08 12:15:16','2022-03-08 12:15:16'),(7930,46,1,'2022-03-08 12:15:16','2022-03-08 12:15:16'),(7931,143,1,'2022-03-08 12:15:16','2022-03-08 12:15:16'),(7932,144,1,'2022-03-08 12:15:16','2022-03-08 12:15:16'),(7933,145,1,'2022-03-08 12:15:16','2022-03-08 12:15:16'),(7934,146,1,'2022-03-08 12:15:16','2022-03-08 12:15:16'),(7935,147,1,'2022-03-08 12:15:16','2022-03-08 12:15:16'),(7936,148,1,'2022-03-08 12:15:16','2022-03-08 12:15:16'),(7937,7,1,'2022-03-08 12:15:16','2022-03-08 12:15:16'),(7938,10,1,'2022-03-08 12:15:16','2022-03-08 12:15:16'),(7939,11,1,'2022-03-08 12:15:16','2022-03-08 12:15:16'),(7940,14,1,'2022-03-08 12:15:16','2022-03-08 12:15:16'),(7941,21,1,'2022-03-08 12:15:16','2022-03-08 12:15:16'),(7942,22,1,'2022-03-08 12:15:16','2022-03-08 12:15:16'),(7943,23,1,'2022-03-08 12:15:16','2022-03-08 12:15:16'),(7944,15,1,'2022-03-08 12:15:16','2022-03-08 12:15:16'),(7945,17,1,'2022-03-08 12:15:16','2022-03-08 12:15:16'),(7946,18,1,'2022-03-08 12:15:16','2022-03-08 12:15:16'),(7947,19,1,'2022-03-08 12:15:16','2022-03-08 12:15:16'),(7948,20,1,'2022-03-08 12:15:16','2022-03-08 12:15:16'),(7949,25,1,'2022-03-08 12:15:16','2022-03-08 12:15:16'),(7950,16,1,'2022-03-08 12:15:16','2022-03-08 12:15:16'),(7951,65,1,'2022-03-08 12:15:16','2022-03-08 12:15:16'),(7952,66,1,'2022-03-08 12:15:16','2022-03-08 12:15:16'),(7953,114,1,'2022-03-08 12:15:16','2022-03-08 12:15:16'),(7954,115,1,'2022-03-08 12:15:16','2022-03-08 12:15:16'),(7955,67,1,'2022-03-08 12:15:16','2022-03-08 12:15:16'),(7956,116,1,'2022-03-08 12:15:16','2022-03-08 12:15:16'),(7957,117,1,'2022-03-08 12:15:16','2022-03-08 12:15:16'),(8136,1,4,'2022-10-01 13:55:10','2022-10-01 13:55:10'),(8137,12,4,'2022-10-01 13:55:10','2022-10-01 13:55:10'),(8138,13,4,'2022-10-01 13:55:10','2022-10-01 13:55:10'),(8139,24,4,'2022-10-01 13:55:10','2022-10-01 13:55:10'),(8140,26,4,'2022-10-01 13:55:10','2022-10-01 13:55:10'),(8141,83,4,'2022-10-01 13:55:10','2022-10-01 13:55:10'),(8142,84,4,'2022-10-01 13:55:10','2022-10-01 13:55:10'),(8143,85,4,'2022-10-01 13:55:10','2022-10-01 13:55:10'),(8144,104,4,'2022-10-01 13:55:10','2022-10-01 13:55:10'),(8145,112,4,'2022-10-01 13:55:10','2022-10-01 13:55:10'),(8146,113,4,'2022-10-01 13:55:10','2022-10-01 13:55:10'),(8147,131,4,'2022-10-01 13:55:10','2022-10-01 13:55:10'),(8148,132,4,'2022-10-01 13:55:10','2022-10-01 13:55:10'),(8149,133,4,'2022-10-01 13:55:10','2022-10-01 13:55:10'),(8150,134,4,'2022-10-01 13:55:10','2022-10-01 13:55:10'),(8151,135,4,'2022-10-01 13:55:10','2022-10-01 13:55:10'),(8152,136,4,'2022-10-01 13:55:10','2022-10-01 13:55:10'),(8153,137,4,'2022-10-01 13:55:10','2022-10-01 13:55:10'),(8154,139,4,'2022-10-01 13:55:10','2022-10-01 13:55:10'),(8155,140,4,'2022-10-01 13:55:10','2022-10-01 13:55:10'),(8156,149,4,'2022-10-01 13:55:10','2022-10-01 13:55:10'),(8157,4,4,'2022-10-01 13:55:10','2022-10-01 13:55:10'),(8158,51,4,'2022-10-01 13:55:10','2022-10-01 13:55:10'),(8159,53,4,'2022-10-01 13:55:10','2022-10-01 13:55:10'),(8160,54,4,'2022-10-01 13:55:10','2022-10-01 13:55:10'),(8161,55,4,'2022-10-01 13:55:10','2022-10-01 13:55:10'),(8162,87,4,'2022-10-01 13:55:10','2022-10-01 13:55:10'),(8163,88,4,'2022-10-01 13:55:10','2022-10-01 13:55:10'),(8164,89,4,'2022-10-01 13:55:10','2022-10-01 13:55:10'),(8165,97,4,'2022-10-01 13:55:10','2022-10-01 13:55:10'),(8166,94,4,'2022-10-01 13:55:10','2022-10-01 13:55:10'),(8167,90,4,'2022-10-01 13:55:10','2022-10-01 13:55:10'),(8168,91,4,'2022-10-01 13:55:10','2022-10-01 13:55:10'),(8169,130,4,'2022-10-01 13:55:10','2022-10-01 13:55:10'),(8170,138,4,'2022-10-01 13:55:10','2022-10-01 13:55:10'),(8171,72,4,'2022-10-01 13:55:10','2022-10-01 13:55:10'),(8172,82,4,'2022-10-01 13:55:10','2022-10-01 13:55:10'),(8173,60,4,'2022-10-01 13:55:10','2022-10-01 13:55:10'),(8174,56,4,'2022-10-01 13:55:10','2022-10-01 13:55:10'),(8175,57,4,'2022-10-01 13:55:10','2022-10-01 13:55:10'),(8176,58,4,'2022-10-01 13:55:10','2022-10-01 13:55:10'),(8177,59,4,'2022-10-01 13:55:10','2022-10-01 13:55:10'),(8178,86,4,'2022-10-01 13:55:10','2022-10-01 13:55:10'),(8179,92,4,'2022-10-01 13:55:10','2022-10-01 13:55:10'),(8180,5,4,'2022-10-01 13:55:10','2022-10-01 13:55:10'),(8181,69,4,'2022-10-01 13:55:10','2022-10-01 13:55:10'),(8182,6,4,'2022-10-01 13:55:10','2022-10-01 13:55:10'),(8183,37,4,'2022-10-01 13:55:10','2022-10-01 13:55:10'),(8241,1,2,'2022-10-02 20:48:58','2022-10-02 20:48:58'),(8242,12,2,'2022-10-02 20:48:58','2022-10-02 20:48:58'),(8243,13,2,'2022-10-02 20:48:58','2022-10-02 20:48:58'),(8244,24,2,'2022-10-02 20:48:58','2022-10-02 20:48:58'),(8245,26,2,'2022-10-02 20:48:58','2022-10-02 20:48:58'),(8246,83,2,'2022-10-02 20:48:58','2022-10-02 20:48:58'),(8247,84,2,'2022-10-02 20:48:58','2022-10-02 20:48:58'),(8248,85,2,'2022-10-02 20:48:58','2022-10-02 20:48:58'),(8249,104,2,'2022-10-02 20:48:58','2022-10-02 20:48:58'),(8250,112,2,'2022-10-02 20:48:58','2022-10-02 20:48:58'),(8251,113,2,'2022-10-02 20:48:58','2022-10-02 20:48:58'),(8252,131,2,'2022-10-02 20:48:58','2022-10-02 20:48:58'),(8253,132,2,'2022-10-02 20:48:58','2022-10-02 20:48:58'),(8254,133,2,'2022-10-02 20:48:58','2022-10-02 20:48:58'),(8255,134,2,'2022-10-02 20:48:58','2022-10-02 20:48:58'),(8256,135,2,'2022-10-02 20:48:58','2022-10-02 20:48:58'),(8257,136,2,'2022-10-02 20:48:58','2022-10-02 20:48:58'),(8258,137,2,'2022-10-02 20:48:58','2022-10-02 20:48:58'),(8259,139,2,'2022-10-02 20:48:58','2022-10-02 20:48:58'),(8260,140,2,'2022-10-02 20:48:58','2022-10-02 20:48:58'),(8261,149,2,'2022-10-02 20:48:58','2022-10-02 20:48:58'),(8262,99,2,'2022-10-02 20:48:58','2022-10-02 20:48:58'),(8263,54,2,'2022-10-02 20:48:58','2022-10-02 20:48:58'),(8264,87,2,'2022-10-02 20:48:58','2022-10-02 20:48:58'),(8265,88,2,'2022-10-02 20:48:58','2022-10-02 20:48:58'),(8266,89,2,'2022-10-02 20:48:58','2022-10-02 20:48:58'),(8267,97,2,'2022-10-02 20:48:58','2022-10-02 20:48:58'),(8268,72,2,'2022-10-02 20:48:58','2022-10-02 20:48:58'),(8269,82,2,'2022-10-02 20:48:58','2022-10-02 20:48:58'),(8270,2,2,'2022-10-02 20:48:58','2022-10-02 20:48:58'),(8271,27,2,'2022-10-02 20:48:58','2022-10-02 20:48:58'),(8272,28,2,'2022-10-02 20:48:58','2022-10-02 20:48:58'),(8273,4,2,'2022-10-02 20:48:58','2022-10-02 20:48:58'),(8274,53,2,'2022-10-02 20:48:58','2022-10-02 20:48:58'),(8275,5,2,'2022-10-02 20:48:58','2022-10-02 20:48:58'),(8276,69,2,'2022-10-02 20:48:58','2022-10-02 20:48:58');
/*!40000 ALTER TABLE `admin_role_menu` ENABLE KEYS */;
UNLOCK TABLES;

--
-- Table structure for table `std_agent`
--

DROP TABLE IF EXISTS `std_agent`;
/*!40101 SET @saved_cs_client     = @@character_set_client */;
/*!50503 SET character_set_client = utf8mb4 */;
CREATE TABLE `std_agent` (
  `id` bigint NOT NULL AUTO_INCREMENT COMMENT '编号',
  `channel_id` bigint DEFAULT '0' COMMENT '通道编号-&gt;std_channel.id',
  `owner_id` bigint DEFAULT '0' COMMENT '归属id',
  `parent_id` bigint DEFAULT '0' COMMENT '上级id',
  `status` bigint DEFAULT '0' COMMENT '状态',
  `user_id` bigint DEFAULT '0' COMMENT '用户编号-&gt;std_user.id',
  `rate` decimal(10,4) DEFAULT '0.0000' COMMENT '费率',
  `fee` decimal(10,0) DEFAULT '0' COMMENT '单笔费用',
  `updated_at` datetime DEFAULT NULL COMMENT '更新时间',
  `created_at` datetime DEFAULT NULL COMMENT '建创时间',
  PRIMARY KEY (`id`)
) ENGINE=InnoDB AUTO_INCREMENT=21 DEFAULT CHARSET=utf8mb4 COLLATE=utf8mb4_0900_ai_ci;
/*!40101 SET character_set_client = @saved_cs_client */;

--
-- Dumping data for table `std_agent`
--

LOCK TABLES `std_agent` WRITE;
/*!40000 ALTER TABLE `std_agent` DISABLE KEYS */;
/*!40000 ALTER TABLE `std_agent` ENABLE KEYS */;
UNLOCK TABLES;

--
-- Table structure for table `std_alipay`
--

DROP TABLE IF EXISTS `std_alipay`;
/*!40101 SET @saved_cs_client     = @@character_set_client */;
/*!50503 SET character_set_client = utf8mb4 */;
CREATE TABLE `std_alipay` (
  `id` bigint NOT NULL AUTO_INCREMENT COMMENT '编号',
  `user_id` bigint DEFAULT '0' COMMENT '用户编号-&gt;std_user.id',
  `status` bigint DEFAULT '0' COMMENT '状态',
  `name` varchar(255) DEFAULT NULL COMMENT '姓名',
  `account` varchar(128) DEFAULT NULL COMMENT '账号',
  `desc` varchar(255) DEFAULT NULL COMMENT '描述',
  `round_id` bigint DEFAULT NULL COMMENT '轮训编号',
  `url` varchar(255) DEFAULT NULL COMMENT '二维码URL',
  `type` bigint DEFAULT '0' COMMENT '类型',
  `updated_at` datetime DEFAULT NULL COMMENT '更新时间',
  `created_at` datetime DEFAULT NULL COMMENT '创建时间',
  `loop` bigint DEFAULT '0' COMMENT '无限',
  `code` varchar(255) DEFAULT NULL COMMENT '编号',
  `max` decimal(10,2) DEFAULT '0.00' COMMENT '最大值',
  `min` decimal(10,2) DEFAULT '0.00' COMMENT '最小值',
  PRIMARY KEY (`id`)
) ENGINE=InnoDB AUTO_INCREMENT=3 DEFAULT CHARSET=utf8mb4 COLLATE=utf8mb4_0900_ai_ci;
/*!40101 SET character_set_client = @saved_cs_client */;

--
-- Dumping data for table `std_alipay`
--

LOCK TABLES `std_alipay` WRITE;
/*!40000 ALTER TABLE `std_alipay` DISABLE KEYS */;
/*!40000 ALTER TABLE `std_alipay` ENABLE KEYS */;
UNLOCK TABLES;

--
-- Table structure for table `std_balance`
--

DROP TABLE IF EXISTS `std_balance`;
/*!40101 SET @saved_cs_client     = @@character_set_client */;
/*!50503 SET character_set_client = utf8mb4 */;
CREATE TABLE `std_balance` (
  `id` bigint NOT NULL AUTO_INCREMENT COMMENT '编号',
  `user_id` bigint DEFAULT '0' COMMENT '用户编号-&gt;std_user.id',
  `status` bigint DEFAULT '0' COMMENT '状态',
  `refer_id` bigint DEFAULT '0' COMMENT '引用id',
  `type` bigint DEFAULT '0' COMMENT '类型',
  `before` decimal(18,6) DEFAULT '0.000000' COMMENT '变化前',
  `amount` decimal(18,6) DEFAULT '0.000000' COMMENT '金额',
  `after` decimal(18,6) DEFAULT '0.000000' COMMENT '变化后',
  `updated_at` datetime DEFAULT NULL COMMENT '更新时间',
  `created_at` datetime DEFAULT NULL COMMENT '建创时间',
  `desc` varchar(1024) DEFAULT NULL,
  PRIMARY KEY (`id`)
) ENGINE=InnoDB AUTO_INCREMENT=1290 DEFAULT CHARSET=utf8mb4 COLLATE=utf8mb4_0900_ai_ci;
/*!40101 SET character_set_client = @saved_cs_client */;

--
-- Dumping data for table `std_balance`
--

LOCK TABLES `std_balance` WRITE;
/*!40000 ALTER TABLE `std_balance` DISABLE KEYS */;
INSERT INTO `std_balance` VALUES (1256,112,1,842,3,62456.380860,1025.000000,61431.380860,'2022-10-09 17:43:34','2022-10-09 17:43:34',NULL),(1257,112,1,843,3,61431.380860,1025.000000,60406.380860,'2022-10-09 17:44:09','2022-10-09 17:44:09',NULL),(1258,112,1,844,3,60406.380860,1025.000000,59381.380860,'2022-10-09 18:03:54','2022-10-09 18:03:54',NULL),(1259,112,1,845,3,59381.380860,1025.000000,58356.380860,'2022-10-09 18:09:46','2022-10-09 18:09:46',NULL),(1260,112,1,846,3,58356.380860,1025.000000,57331.380860,'2022-10-09 18:09:59','2022-10-09 18:09:59',NULL),(1261,112,1,847,3,57331.380860,1025.000000,56306.380860,'2022-10-09 18:10:47','2022-10-09 18:10:47',NULL),(1262,115,1,848,3,80000.000000,1025.000000,78975.000000,'2022-10-09 18:11:01','2022-10-09 18:11:01',NULL),(1263,112,1,849,3,56306.380860,1025.000000,55281.380860,'2022-10-09 18:22:27','2022-10-09 18:22:27',NULL),(1264,115,1,850,3,78975.000000,1025.000000,77950.000000,'2022-10-09 18:22:42','2022-10-09 18:22:42',NULL),(1265,112,1,851,3,55281.380860,1025.000000,54256.380860,'2022-10-09 18:25:36','2022-10-09 18:25:36',NULL),(1266,115,1,852,3,77950.000000,1025.000000,76925.000000,'2022-10-09 18:25:41','2022-10-09 18:25:41',NULL),(1267,112,1,853,3,54256.380860,1025.000000,53231.380860,'2022-10-09 18:26:04','2022-10-09 18:26:04',NULL),(1268,115,1,854,3,76925.000000,1025.000000,75900.000000,'2022-10-09 18:26:13','2022-10-09 18:26:13',NULL),(1269,112,1,855,3,53231.380860,1025.000000,52206.380860,'2022-10-09 18:26:23','2022-10-09 18:26:23',NULL),(1270,115,1,856,3,75900.000000,1025.000000,74875.000000,'2022-10-09 18:26:32','2022-10-09 18:26:32',NULL),(1271,112,1,857,3,52206.380860,1025.000000,51181.380860,'2022-10-09 18:27:26','2022-10-09 18:27:26',NULL),(1272,115,1,858,3,74875.000000,1025.000000,73850.000000,'2022-10-09 18:30:41','2022-10-09 18:30:41',NULL),(1273,112,1,859,3,51181.380860,1025.000000,50156.380860,'2022-10-09 18:30:48','2022-10-09 18:30:48',NULL),(1274,115,1,860,3,73850.000000,1025.000000,72825.000000,'2022-10-09 18:30:55','2022-10-09 18:30:55',NULL),(1275,112,2,861,3,50156.380860,1028.980000,49127.400860,'2022-10-09 19:49:17','2022-10-09 19:08:43','订单超时'),(1276,112,1,861,4,49127.400860,1028.980000,50156.380860,'2022-10-09 19:49:17','2022-10-09 19:49:17',NULL),(1277,115,1,862,3,72825.000000,1028.980000,71796.020000,'2022-10-09 19:49:37','2022-10-09 19:49:37',NULL),(1278,112,1,863,3,50156.380860,1028.980000,49127.400860,'2022-10-09 20:00:54','2022-10-09 20:00:54',NULL),(1279,102,1,863,5,16788.270000,999.140000,17787.410000,'2022-10-09 20:01:06','2022-10-09 20:01:06',NULL),(1280,113,1,863,8,27.414900,5.144900,32.559800,'2022-10-09 20:01:06','2022-10-09 20:01:06',NULL),(1281,111,1,863,8,16.448940,3.086940,19.535880,'2022-10-09 20:01:06','2022-10-09 20:01:06',NULL),(1282,114,1,863,8,32.897880,6.173880,39.071760,'2022-10-09 20:01:07','2022-10-09 20:01:07',NULL),(1283,112,1,863,8,49127.400860,7.202860,49134.603720,'2022-10-09 20:01:07','2022-10-09 20:01:07',NULL),(1284,115,2,864,3,71796.020000,1028.980000,70767.040000,'2022-10-11 11:57:48','2022-10-11 11:40:40','订单超时'),(1285,115,1,864,4,70767.040000,1028.980000,71796.020000,'2022-10-11 11:57:48','2022-10-11 11:57:48',NULL),(1286,20,1,865,3,4276.000000,2.000000,4274.000000,'2022-10-11 13:32:53','2022-10-11 13:32:53',NULL),(1287,20,1,865,3,4274.000000,10.250000,4263.750000,'2022-10-11 13:32:53','2022-10-11 13:32:53',NULL),(1288,20,1,866,3,4263.750000,2.000000,4261.750000,'2022-10-11 13:48:23','2022-10-11 13:48:23',NULL),(1289,20,1,866,3,4261.750000,10.250000,4251.500000,'2022-10-11 13:48:23','2022-10-11 13:48:23',NULL);
/*!40000 ALTER TABLE `std_balance` ENABLE KEYS */;
UNLOCK TABLES;

--
-- Table structure for table `std_bank`
--

DROP TABLE IF EXISTS `std_bank`;
/*!40101 SET @saved_cs_client     = @@character_set_client */;
/*!50503 SET character_set_client = utf8mb4 */;
CREATE TABLE `std_bank` (
  `id` bigint NOT NULL AUTO_INCREMENT COMMENT '编号',
  `name` varchar(128) DEFAULT NULL COMMENT '银行名称',
  `code` varchar(128) DEFAULT NULL COMMENT '简码',
  `updated_at` datetime DEFAULT NULL COMMENT '更新时间',
  `created_at` datetime DEFAULT NULL COMMENT '建创时间',
  `version` varchar(128) DEFAULT NULL COMMENT 'App版本号',
  `status` bigint DEFAULT NULL COMMENT '状态',
  PRIMARY KEY (`id`)
) ENGINE=InnoDB AUTO_INCREMENT=67 DEFAULT CHARSET=utf8mb4 COLLATE=utf8mb4_0900_ai_ci;
/*!40101 SET character_set_client = @saved_cs_client */;

--
-- Dumping data for table `std_bank`
--

LOCK TABLES `std_bank` WRITE;
/*!40000 ALTER TABLE `std_bank` DISABLE KEYS */;
INSERT INTO `std_bank` VALUES (1,'中国银行','1','2022-10-03 22:54:58','2021-08-31 21:13:25','0.0.1',1),(2,'农业银行','BOC','2022-10-03 22:55:07','2021-08-31 21:14:00','0.0.1',1),(3,'建设银行','1','2022-10-03 22:55:22','2021-08-31 21:14:25','0.0.1',1),(4,'工商银行','1','2022-10-03 22:55:46','2021-08-31 21:16:40','0.0.1',1),(5,'平安银行','1','2022-10-03 22:55:59','2021-11-01 14:02:35','1',1),(6,'招商银行','1','2022-10-03 22:56:04','2021-11-01 14:02:57','1',1),(7,'中信银行','1','2022-10-03 22:56:15','2022-05-24 20:03:42','',1),(8,'浦发银行','1','2022-10-03 22:56:29','2022-09-02 20:19:03','',1),(9,'交通银行','1','2022-10-03 22:56:43','2022-10-03 22:56:43',NULL,1),(10,'邮储银行','1','2022-10-03 22:57:01','2022-10-03 22:57:01',NULL,1),(11,'兴业银行','1','2022-10-03 22:57:11','2022-10-03 22:57:11',NULL,1),(12,'光大银行','1','2022-10-03 22:57:19','2022-10-03 22:57:19',NULL,1),(13,'华夏银行','1','2022-10-03 22:57:29','2022-10-03 22:57:29',NULL,1),(14,'天津银行','1','2022-10-03 22:57:41','2022-10-03 22:57:41',NULL,1),(15,'民生银行','1','2022-10-03 22:58:19','2022-10-03 22:58:19',NULL,1),(16,'广发银行','1','2022-10-03 22:58:27','2022-10-03 22:58:27',NULL,1),(17,'北京农商','1','2022-10-03 22:58:56','2022-10-03 22:58:36','',1),(18,'广西农信','1','2022-10-03 22:59:42','2022-10-03 22:59:42',NULL,1),(19,'东莞农商','1','2022-10-03 22:59:58','2022-10-03 22:59:58',NULL,1),(20,'桂林银行','1','2022-10-03 23:00:09','2022-10-03 23:00:09',NULL,1),(21,'福建农信','1','2022-10-03 23:00:28','2022-10-03 23:00:28',NULL,1),(22,'广东农信','1','2022-10-03 23:00:40','2022-10-03 23:00:40',NULL,1),(23,'江苏银行','1','2022-10-03 23:00:52','2022-10-03 23:00:52',NULL,1),(24,'哈尔滨银行','1','2022-10-03 23:03:52','2022-10-03 23:03:52',NULL,1),(25,'贵州银行','1','2022-10-03 23:07:46','2022-10-03 23:07:46',NULL,1),(26,'贵阳银行','1','2022-10-03 23:08:06','2022-10-03 23:08:06',NULL,1),(27,'江阴银行','1','2022-10-03 23:08:16','2022-10-03 23:08:16',NULL,1),(28,'南京银行','1','2022-10-03 23:08:26','2022-10-03 23:08:26',NULL,1),(29,'内蒙古农信','1','2022-10-03 23:11:57','2022-10-03 23:11:24','',1),(30,'蒙商银行','1','2022-10-03 23:11:47','2022-10-03 23:11:47',NULL,1),(31,'内蒙古银行','1','2022-10-03 23:12:17','2022-10-03 23:12:17',NULL,1),(32,'网商银行','1','2022-10-03 23:12:29','2022-10-03 23:12:29',NULL,1),(33,'柳州银行','1','2022-10-03 23:13:15','2022-10-03 23:13:15',NULL,1),(34,'河南农村信用社','1','2022-10-09 13:57:18','2022-10-03 23:13:29','',1),(35,'鄂尔多斯银行','1','2022-10-03 23:14:00','2022-10-03 23:14:00',NULL,1),(36,'唐山银行','1','2022-10-03 23:14:09','2022-10-03 23:14:09',NULL,1),(37,'沧州银行','1','2022-10-03 23:14:29','2022-10-03 23:14:29',NULL,1),(38,'张家口银行','1','2022-10-03 23:14:38','2022-10-03 23:14:38',NULL,1),(39,'承德银行','1','2022-10-03 23:14:52','2022-10-03 23:14:52',NULL,1),(40,'浙江农信','1','2022-10-03 23:15:17','2022-10-03 23:15:17',NULL,1),(41,'山东农信','1','2022-10-03 23:15:26','2022-10-03 23:15:26',NULL,1),(42,'乌海银行','1','2022-10-03 23:15:39','2022-10-03 23:15:39',NULL,1),(43,'宁夏银行','1','2022-10-03 23:15:51','2022-10-03 23:15:51',NULL,1),(44,'石嘴山银行','1','2022-10-03 23:16:12','2022-10-03 23:16:12',NULL,1),(45,'恒丰银行','1','2022-10-03 23:16:31','2022-10-03 23:16:31',NULL,1),(46,'广州农商','1','2022-10-03 23:16:44','2022-10-03 23:16:44',NULL,1),(47,'深圳农商','1','2022-10-03 23:17:20','2022-10-03 23:16:56','',1),(48,'武汉农商','1','2022-10-03 23:17:35','2022-10-03 23:17:35',NULL,1),(49,'常熟农商','1','2022-10-03 23:17:48','2022-10-03 23:17:48',NULL,1),(50,'湖北农信','1','2022-10-03 23:18:02','2022-10-03 23:18:02',NULL,1),(51,'吉林银行','1','2022-10-03 23:18:18','2022-10-03 23:18:18',NULL,1),(52,'辽宁农信','1','2022-10-03 23:19:17','2022-10-03 23:18:30','',1),(53,'威海银行','1','2022-10-03 23:19:03','2022-10-03 23:19:03',NULL,1),(54,'威海农商','1','2022-10-03 23:19:29','2022-10-03 23:19:29',NULL,1),(55,'上海银行','1','2022-10-03 23:19:43','2022-10-03 23:19:43',NULL,1),(56,'临商银行','1','2022-10-03 23:20:07','2022-10-03 23:20:07',NULL,1),(57,'莱商银行','1','2022-10-03 23:20:55','2022-10-03 23:20:55',NULL,1),(58,'富滇银行','1','2022-10-03 23:21:37','2022-10-03 23:21:37',NULL,1),(59,'云南农信','1','2022-10-03 23:21:56','2022-10-03 23:21:56',NULL,1),(60,'河北银行','1','2022-10-03 23:22:15','2022-10-03 23:22:15',NULL,1),(61,'邯郸银行','1','2022-10-03 23:25:32','2022-10-03 23:25:32',NULL,1),(62,'东莞银行','1','2022-10-03 23:25:41','2022-10-03 23:25:41',NULL,1),(63,'吉林农村信用社','1','2022-10-03 23:42:25','2022-10-03 23:25:56','',1),(64,'江苏农村信用社','1','2022-10-09 13:56:36','2022-10-03 23:26:37','',1),(65,'青岛银行','1','2022-10-03 23:27:02','2022-10-03 23:27:02',NULL,1),(66,'湖北农村商业银行','1','2022-10-03 23:47:48','2022-10-03 23:47:48',NULL,1);
/*!40000 ALTER TABLE `std_bank` ENABLE KEYS */;
UNLOCK TABLES;

--
-- Table structure for table `std_bank_card`
--

DROP TABLE IF EXISTS `std_bank_card`;
/*!40101 SET @saved_cs_client     = @@character_set_client */;
/*!50503 SET character_set_client = utf8mb4 */;
CREATE TABLE `std_bank_card` (
  `id` bigint NOT NULL AUTO_INCREMENT COMMENT '编号',
  `user_id` bigint DEFAULT '0' COMMENT '用户编号-&gt;std_user.id',
  `status` bigint DEFAULT '0' COMMENT '状态',
  `max` bigint DEFAULT '0' COMMENT '最大金额',
  `min` bigint DEFAULT '0' COMMENT '最小金额',
  `round_id` bigint DEFAULT '0' COMMENT '轮训编号',
  `bank_id` bigint DEFAULT '0' COMMENT '银行编号-&gt;std_bank.id',
  `type` bigint DEFAULT '0' COMMENT '卡片类型',
  `name` varchar(64) DEFAULT NULL COMMENT '卡片姓名',
  `code` varchar(128) DEFAULT NULL COMMENT '银行卡号',
  `login_pwd` varchar(64) DEFAULT NULL COMMENT '登录密码',
  `tran_pwd` varchar(64) DEFAULT NULL COMMENT '支付密码',
  `device_id` varchar(128) DEFAULT NULL,
  `updated_at` datetime DEFAULT NULL COMMENT '更新时间',
  `created_at` datetime DEFAULT NULL COMMENT '建创时间',
  `balance` decimal(10,2) DEFAULT '0.00' COMMENT '卡片实际余额',
  `total` bigint DEFAULT '0' COMMENT '转账次数',
  `refer_id` bigint DEFAULT '0',
  `mobile` varchar(64) DEFAULT NULL,
  `mode` bigint DEFAULT '0',
  `desc` varchar(512) DEFAULT NULL,
  `run` bigint DEFAULT '0',
  `expire_at` datetime DEFAULT NULL,
  `biz` bigint DEFAULT '0',
  `limit_count` bigint DEFAULT '0',
  `url` varchar(2048) DEFAULT NULL,
  `branch` varchar(128) DEFAULT NULL,
  PRIMARY KEY (`id`)
) ENGINE=InnoDB AUTO_INCREMENT=95 DEFAULT CHARSET=utf8mb4 COLLATE=utf8mb4_0900_ai_ci;
/*!40101 SET character_set_client = @saved_cs_client */;

--
-- Dumping data for table `std_bank_card`
--

LOCK TABLES `std_bank_card` WRITE;
/*!40000 ALTER TABLE `std_bank_card` DISABLE KEYS */;
INSERT INTO `std_bank_card` VALUES (89,112,1,1009925,1000000,18,34,2,'化一东','623059125700088200','','',NULL,'2022-10-09 20:01:06','2022-10-09 12:55:15',NULL,0,0,'',1,'',96,'2022-10-09 14:10:13',2,98,NULL,'封丘县孙庄支行'),(90,112,2,157977,160000,1,2,2,'化一东','6228481369503906578','','',NULL,'2022-10-09 16:22:34','2022-10-09 12:58:17',NULL,0,0,'',1,'',96,'2022-10-09 13:06:17',2,95,NULL,'封丘县支行'),(91,112,2,160000,160000,1,11,2,'申承川','622908463086182619','','',NULL,'2022-10-09 13:08:52','2022-10-09 13:08:52',NULL,0,0,'',1,'',96,'2022-10-09 13:16:52',2,96,NULL,'郑州商务外环路支行'),(92,112,2,160000,160000,1,3,2,'化一东','6210812500003454135','','',NULL,'2022-10-09 13:14:44','2022-10-09 13:14:44',NULL,0,0,'',1,'',96,'2022-10-09 13:22:44',2,96,NULL,'封丘县支行'),(93,115,1,2001029,2000000,10,6,2,'付川','6226080200184288','','',NULL,'2022-10-11 11:57:48','2022-10-09 14:32:16',NULL,0,0,'',1,'',500,'2022-10-09 14:40:16',2,501,NULL,'广东省广州市番禺支行');
/*!40000 ALTER TABLE `std_bank_card` ENABLE KEYS */;
UNLOCK TABLES;

--
-- Table structure for table `std_bind`
--

DROP TABLE IF EXISTS `std_bind`;
/*!40101 SET @saved_cs_client     = @@character_set_client */;
/*!50503 SET character_set_client = utf8mb4 */;
CREATE TABLE `std_bind` (
  `id` bigint NOT NULL AUTO_INCREMENT COMMENT '编号',
  `user_id` bigint DEFAULT NULL,
  `biz_id` bigint DEFAULT NULL,
  `name` varchar(255) DEFAULT NULL COMMENT '参数',
  `updated_at` datetime DEFAULT NULL COMMENT '更新时间',
  `created_at` datetime DEFAULT NULL COMMENT '创建时间',
  PRIMARY KEY (`id`)
) ENGINE=InnoDB AUTO_INCREMENT=37 DEFAULT CHARSET=utf8mb4 COLLATE=utf8mb4_0900_ai_ci;
/*!40101 SET character_set_client = @saved_cs_client */;

--
-- Dumping data for table `std_bind`
--

LOCK TABLES `std_bind` WRITE;
/*!40000 ALTER TABLE `std_bind` DISABLE KEYS */;
INSERT INTO `std_bind` VALUES (21,61,60,'1112312','2021-12-12 10:50:54','2021-12-12 10:50:54'),(22,61,14,'ks-test','2021-12-12 10:50:54','2021-12-12 10:50:54');
/*!40000 ALTER TABLE `std_bind` ENABLE KEYS */;
UNLOCK TABLES;

--
-- Table structure for table `std_chain`
--

DROP TABLE IF EXISTS `std_chain`;
/*!40101 SET @saved_cs_client     = @@character_set_client */;
/*!50503 SET character_set_client = utf8mb4 */;
CREATE TABLE `std_chain` (
  `id` bigint NOT NULL AUTO_INCREMENT COMMENT '编号',
  `user_id` bigint DEFAULT '0' COMMENT '用户编号-&gt;std_user.id',
  `channel_id` bigint DEFAULT '0' COMMENT '通道编号-&gt;std_channel.id',
  `max` bigint DEFAULT '0' COMMENT '最大下单金额',
  `min` bigint DEFAULT '0' COMMENT '最小下单金额',
  `fee` decimal(10,5) DEFAULT NULL,
  `rate` decimal(9,3) DEFAULT '0.000' COMMENT '通道费率',
  `update_at` datetime DEFAULT NULL COMMENT '更新时间',
  `create_at` datetime DEFAULT NULL COMMENT '创建时间',
  `ks` varchar(2048) DEFAULT NULL,
  `fixed` bigint DEFAULT '0',
  PRIMARY KEY (`id`)
) ENGINE=InnoDB AUTO_INCREMENT=104 DEFAULT CHARSET=utf8mb4 COLLATE=utf8mb4_0900_ai_ci;
/*!40101 SET character_set_client = @saved_cs_client */;

--
-- Dumping data for table `std_chain`
--

LOCK TABLES `std_chain` WRITE;
/*!40000 ALTER TABLE `std_chain` DISABLE KEYS */;
INSERT INTO `std_chain` VALUES (11,35,1,1,1,1.00000,0.008,'2021-04-10 17:44:28','2021-04-10 17:44:28',NULL,0),(12,36,1,1000,1,1.00000,0.006,'2021-04-12 22:43:39','2021-04-12 22:43:39',NULL,0),(13,36,2,1000,1,1.00000,0.006,'2021-04-12 22:43:39','2021-04-12 22:43:39',NULL,0),(15,38,2,1,1,0.00200,0.002,'2021-08-26 11:21:51','2021-08-26 11:21:51',NULL,0),(22,42,1,10000,1,1.00000,0.010,'2021-10-14 20:42:31','2021-10-14 20:42:31',NULL,0),(23,25,2,50000,1,0.00000,0.050,'2022-10-01 20:48:31','2022-10-01 20:48:31','',0),(24,14,1,10000,1,0.00000,0.000,'2022-03-06 16:59:15','2022-03-06 16:59:15',NULL,0),(25,14,5,10000,1,0.00000,0.000,'2022-03-06 16:59:15','2022-03-06 16:59:15',NULL,0),(27,44,1,50000,1,1.00000,0.001,'2021-10-19 10:51:57','2021-10-19 10:51:57',NULL,0),(28,46,1,1,1,1.00000,1.000,'2021-10-19 10:21:44','2021-10-19 10:21:44',NULL,0),(29,20,2,10000,1,0.00000,0.060,'2022-10-09 17:02:33','2022-10-05 14:14:32','[117]',0),(31,61,1,10000,1,0.00000,0.000,'2021-12-11 11:59:58','2021-12-11 11:59:58',NULL,0),(40,60,1,50000,1,2.00000,0.000,'2022-01-21 15:08:52','2022-01-21 15:08:52',NULL,0),(41,60,2,50000,1,0.00000,0.004,'2022-01-21 15:08:52','2022-01-21 15:08:52',NULL,0),(45,67,5,0,0,0.00000,0.000,'2022-02-18 09:19:54','2022-02-18 09:19:54',NULL,0),(46,71,5,1,1,0.00000,0.050,'2022-02-18 18:25:43','2022-02-18 18:25:43',NULL,0),(47,70,5,1,1,0.00000,0.060,'2022-02-18 19:16:57','2022-02-18 19:16:57',NULL,0),(48,72,5,50000,1,0.00000,0.000,'2022-03-06 15:55:21','2022-03-06 15:55:21',NULL,0),(49,73,5,50000,1,0.00000,0.000,'2022-03-06 21:51:26','2022-03-06 21:51:26',NULL,0),(50,73,1,50000,1,0.00000,0.000,'2022-03-06 21:51:26','2022-03-06 21:51:26',NULL,0),(52,88,4,1,1,1.00000,1.000,'2022-03-11 11:41:56','2022-03-11 11:41:56',NULL,0),(68,100,2,50000,1,0.00000,0.050,'2022-10-01 20:35:44','2022-10-01 20:35:44','',0),(69,25,1,50000,1,0.00000,0.000,'2022-10-01 20:48:31','2022-10-01 20:48:31',NULL,0),(71,20,1,10000,1,2.00000,0.000,'2022-10-05 14:14:32','2022-10-05 14:14:32','',0),(81,97,2,50000,1,0.00000,0.010,'2022-10-02 10:44:59','2022-10-02 10:44:59',NULL,0),(82,102,2,50000,1,0.00000,0.029,'2022-10-11 11:40:39','2022-10-04 14:03:11','[112]',2),(83,102,1,50000,1,0.00000,0.000,'2022-10-04 14:03:11','2022-10-04 14:03:11','',1),(85,104,2,50000,1,0.00000,0.016,'2022-10-04 12:46:57','2022-10-04 12:46:57','',0),(86,104,1,50000,1,0.00000,0.000,'2022-10-04 12:46:57','2022-10-04 12:46:57','',0),(88,107,2,50000,1,0.00000,0.021,'2022-10-04 12:46:14','2022-10-04 12:46:14',NULL,0),(89,106,2,50000,1,0.00000,0.016,'2022-10-04 12:46:42','2022-10-04 12:46:42',NULL,0),(90,110,2,50000,1,0.00000,0.013,'2022-10-05 14:16:01','2022-10-05 14:16:01',NULL,0),(91,110,1,50000,1,0.00000,0.000,'2022-10-05 14:16:01','2022-10-05 14:16:01',NULL,0),(92,111,2,50000,1,0.00000,0.016,'2022-10-05 15:57:45','2022-10-05 15:57:45','',0),(93,111,1,50000,1,0.00000,0.000,'2022-10-05 15:57:45','2022-10-05 15:57:45','',0),(94,112,2,50000,1,0.00000,0.007,'2022-10-09 11:53:28','2022-10-09 11:53:28','',0),(95,112,1,50000,1,0.00000,0.000,'2022-10-09 11:53:28','2022-10-09 11:53:28','',0),(96,114,2,50000,1,0.00000,0.013,'2022-10-09 11:49:25','2022-10-09 11:49:25',NULL,0),(97,114,1,50000,1,0.00000,0.000,'2022-10-09 11:49:25','2022-10-09 11:49:25',NULL,0),(98,115,2,50000,1,0.00000,0.011,'2022-10-09 11:51:32','2022-10-09 11:51:32','',0),(99,115,1,50000,1,0.00000,0.000,'2022-10-09 11:51:32','2022-10-09 11:51:32','',0),(100,113,2,50000,1,0.00000,0.021,'2022-10-09 12:01:23','2022-10-09 12:01:23',NULL,0),(101,116,2,50000,1,0.00000,0.012,'2022-10-09 13:17:18','2022-10-09 13:17:18',NULL,0),(102,116,1,50000,1,0.00000,0.000,'2022-10-09 13:17:18','2022-10-09 13:17:18',NULL,0),(103,117,2,10000,1,0.00000,0.060,'2022-10-09 17:02:08','2022-10-09 17:02:08',NULL,0);
/*!40000 ALTER TABLE `std_chain` ENABLE KEYS */;
UNLOCK TABLES;

--
-- Table structure for table `std_channel`
--

DROP TABLE IF EXISTS `std_channel`;
/*!40101 SET @saved_cs_client     = @@character_set_client */;
/*!50503 SET character_set_client = utf8mb4 */;
CREATE TABLE `std_channel` (
  `id` bigint NOT NULL AUTO_INCREMENT COMMENT '编号',
  `status` bigint DEFAULT NULL COMMENT '状态',
  `name` varchar(128) DEFAULT NULL COMMENT '名称',
  `updated_at` datetime DEFAULT NULL COMMENT '更新时间',
  `created_at` datetime DEFAULT NULL COMMENT '创建时间',
  `random` bigint DEFAULT '0',
  `type` bigint DEFAULT '0',
  `rate` decimal(10,5) DEFAULT '0.00000',
  `ip` varchar(1048) DEFAULT NULL,
  `url` varchar(5048) DEFAULT NULL,
  `mchid` varchar(128) DEFAULT NULL,
  `secret` varchar(1048) DEFAULT NULL,
  `amount` varchar(512) DEFAULT NULL,
  PRIMARY KEY (`id`)
) ENGINE=InnoDB AUTO_INCREMENT=12 DEFAULT CHARSET=utf8mb4 COLLATE=utf8mb4_0900_ai_ci;
/*!40101 SET character_set_client = @saved_cs_client */;

--
-- Dumping data for table `std_channel`
--

LOCK TABLES `std_channel` WRITE;
/*!40000 ALTER TABLE `std_channel` DISABLE KEYS */;
INSERT INTO `std_channel` VALUES (1,1,'代付','2021-11-21 18:32:20','2021-03-27 21:59:00',1,2,1.00000,'3','2','3','2',NULL),(2,1,'银行卡','2022-10-03 19:40:18','2021-03-27 21:59:08',1,1,1.00000,'','','','',NULL),(3,2,'USDT','2022-03-09 10:18:37','2021-04-15 20:31:43',1,1,1.00000,'','','','',NULL),(4,1,'支付宝零钱','2022-03-09 09:59:30','2021-11-19 19:55:56',1,1,1.00000,'','','','',NULL),(5,1,'支付宝转账','2022-03-09 09:59:45','2021-11-21 13:53:19',1,1,1.00000,'','','','',NULL),(6,1,'支付宝口令','2022-03-20 11:17:29','2022-03-20 11:17:29',1,0,0.00000,NULL,NULL,NULL,NULL,NULL),(7,1,'微信口令','2022-05-15 11:06:16','2022-05-13 19:25:08',2,0,0.00000,NULL,NULL,NULL,NULL,'100,200,500'),(8,1,'微信红包','2022-05-25 20:20:59','2022-05-25 20:20:59',1,0,0.00000,NULL,NULL,NULL,NULL,NULL),(9,1,'adapay','2022-08-19 14:53:52','2022-08-19 14:53:52',1,0,0.00000,NULL,NULL,NULL,NULL,NULL),(10,1,'挂码','2022-09-02 16:00:53','2022-09-02 15:36:15',2,0,0.00000,NULL,NULL,NULL,NULL,NULL),(11,1,'支付宝转微信','2022-09-19 22:29:11','2022-09-19 22:29:11',1,0,0.00000,NULL,NULL,NULL,NULL,NULL);
/*!40000 ALTER TABLE `std_channel` ENABLE KEYS */;
UNLOCK TABLES;

--
-- Table structure for table `std_device`
--

DROP TABLE IF EXISTS `std_device`;
/*!40101 SET @saved_cs_client     = @@character_set_client */;
/*!50503 SET character_set_client = utf8mb4 */;
CREATE TABLE `std_device` (
  `id` bigint NOT NULL AUTO_INCREMENT COMMENT '手机设备',
  `user_id` bigint DEFAULT '0' COMMENT '用户编号-&gt;std_user.id',
  `status` bigint DEFAULT '0' COMMENT '状态',
  `updated_at` datetime DEFAULT NULL COMMENT '更新时间',
  `created_at` datetime DEFAULT NULL COMMENT '建创时间',
  `uuid` varchar(128) DEFAULT NULL COMMENT '设备硬件编号',
  `name` varchar(128) DEFAULT NULL COMMENT '设备别名',
  `rate` bigint DEFAULT NULL COMMENT '接单频率',
  `desc` varchar(255) DEFAULT NULL COMMENT '描述',
  PRIMARY KEY (`id`)
) ENGINE=InnoDB AUTO_INCREMENT=2 DEFAULT CHARSET=utf8mb4 COLLATE=utf8mb4_0900_ai_ci;
/*!40101 SET character_set_client = @saved_cs_client */;

--
-- Dumping data for table `std_device`
--

LOCK TABLES `std_device` WRITE;
/*!40000 ALTER TABLE `std_device` DISABLE KEYS */;
/*!40000 ALTER TABLE `std_device` ENABLE KEYS */;
UNLOCK TABLES;

--
-- Table structure for table `std_member`
--

DROP TABLE IF EXISTS `std_member`;
/*!40101 SET @saved_cs_client     = @@character_set_client */;
/*!50503 SET character_set_client = utf8mb4 */;
CREATE TABLE `std_member` (
  `id` bigint NOT NULL AUTO_INCREMENT COMMENT 'id',
  `name` varchar(128) DEFAULT NULL COMMENT '商户名',
  `status` bigint DEFAULT NULL COMMENT '状态',
  `user_id` bigint DEFAULT NULL COMMENT '用户归属-&gt;std_user.id',
  `secret` varchar(255) DEFAULT NULL COMMENT '商户密钥',
  `whitelist` varchar(5018) DEFAULT NULL,
  `updated_at` datetime DEFAULT NULL COMMENT '更新时间',
  `created_at` datetime DEFAULT NULL COMMENT '创建时间',
  `desc` varchar(255) DEFAULT NULL COMMENT '描述',
  `refer_id` bigint DEFAULT NULL COMMENT '代理编号-&gt;std_user.id',
  `auth_ip` bigint DEFAULT '0',
  `channel_in` bigint DEFAULT '0',
  `channel_mod` bigint DEFAULT '0',
  `channel_out` bigint DEFAULT '0',
  `ks` varchar(1024) DEFAULT NULL,
  PRIMARY KEY (`id`)
) ENGINE=InnoDB AUTO_INCREMENT=30 DEFAULT CHARSET=utf8mb4 COLLATE=utf8mb4_0900_ai_ci;
/*!40101 SET character_set_client = @saved_cs_client */;

--
-- Dumping data for table `std_member`
--

LOCK TABLES `std_member` WRITE;
/*!40000 ALTER TABLE `std_member` DISABLE KEYS */;
INSERT INTO `std_member` VALUES (1,'测试商户',1,20,'b983cb5c-6c00-4f18-873f-e328fbda724c','192.168.3.6','2022-03-09 11:30:13','2021-03-27 09:29:16',NULL,0,2,10002,1,10001,'[74,75,76,85]'),(29,'',1,102,'839ae69d-3bf8-45df-9ce2-45fec2128582','18.163.186.123 18.162.50.230 34.92.212.85 34.150.68.87 18.162.111.169 16.162.100.149 34.92.79.190 34.92.73.159 18.167.7.208 16.162.211.53 34.92.38.237 35.220.203.65 16.163.37.5#18.163.143.179 207.46.141.99 112.121.188.242 16.163.23.12 18.167.151.253 16.162.151.0 18.163.216.6 47.100.16.75 136.228.147.75','2022-10-05 16:06:52','2022-10-03 18:28:07',NULL,0,2,0,1,0,NULL);
/*!40000 ALTER TABLE `std_member` ENABLE KEYS */;
UNLOCK TABLES;

--
-- Table structure for table `std_order`
--

DROP TABLE IF EXISTS `std_order`;
/*!40101 SET @saved_cs_client     = @@character_set_client */;
/*!50503 SET character_set_client = utf8mb4 */;
CREATE TABLE `std_order` (
  `id` bigint NOT NULL AUTO_INCREMENT COMMENT '主键',
  `channel_id` bigint DEFAULT '0' COMMENT '通道ID',
  `type` bigint DEFAULT '0' COMMENT '订单类型',
  `status` bigint DEFAULT '0' COMMENT '订单状态',
  `upload` bigint DEFAULT '0' COMMENT '凭证上传',
  `amount` decimal(10,2) DEFAULT '0.00' COMMENT '订单金额',
  `agency` decimal(10,4) DEFAULT '0.0000',
  `fee` decimal(10,2) DEFAULT '0.00' COMMENT '手续费',
  `agent_id` bigint DEFAULT '0' COMMENT '代理编号->std_agent.id',
  `user_id` bigint DEFAULT '0' COMMENT '订单属于用户',
  `out_trade_no` varchar(64) NOT NULL COMMENT '商户订单ID',
  `notify_url` varchar(255) DEFAULT NULL COMMENT '回调地址',
  `updated_at` datetime DEFAULT NULL COMMENT '更新时间',
  `created_at` datetime DEFAULT NULL COMMENT '创建时间',
  `expire_at` datetime DEFAULT NULL COMMENT '过期时间',
  `pay_time` datetime DEFAULT NULL COMMENT '支时间',
  `pay_name` varchar(64) DEFAULT NULL COMMENT '付款人性名',
  `notify_count` bigint DEFAULT '0' COMMENT '回调通知次数',
  `pay_account` varchar(128) DEFAULT NULL COMMENT '付款账号',
  `refund_at` datetime DEFAULT NULL COMMENT '退款时间',
  `desc` varchar(255) DEFAULT NULL COMMENT '备注',
  `receive_name` varchar(64) DEFAULT NULL COMMENT '收款人姓名',
  `receive_account` varchar(64) DEFAULT NULL COMMENT '收款账号',
  `receive_bank` varchar(64) DEFAULT NULL COMMENT '收款银行',
  `client_id` bigint DEFAULT '0' COMMENT '卡商编号->std_user.id',
  `card_id` bigint DEFAULT '0' COMMENT '银行卡编号->std_bank_card.id',
  `item_id` bigint DEFAULT '0',
  `cny` decimal(10,5) DEFAULT '0.00000',
  `hash_id` varchar(512) DEFAULT NULL,
  `ksfee` decimal(10,5) DEFAULT '0.00000',
  `cert` varchar(5048) DEFAULT NULL,
  `client_fee` decimal(10,5) DEFAULT '0.00000',
  `branch` varchar(128) DEFAULT NULL,
  `fixed` decimal(10,5) DEFAULT '0.00000',
  PRIMARY KEY (`id`),
  UNIQUE KEY `out_trade_no` (`out_trade_no`)
) ENGINE=InnoDB AUTO_INCREMENT=867 DEFAULT CHARSET=utf8mb4 COLLATE=utf8mb4_0900_ai_ci;
/*!40101 SET character_set_client = @saved_cs_client */;

--
-- Dumping data for table `std_order`
--

LOCK TABLES `std_order` WRITE;
/*!40000 ALTER TABLE `std_order` DISABLE KEYS */;
INSERT INTO `std_order` VALUES (866,1,1,1,0,10.25,0.0000,2.00,0,20,'100012144333','http://www.cccb.com/pub/account/test','2022-10-11 13:49:39','2022-10-11 13:48:23','2022-10-11 14:48:23',NULL,NULL,0,NULL,NULL,'下单成功','张三','6212251605000689122','招商',112,0,0,0.00000,NULL,0.00000,NULL,0.00000,NULL,10.25000);
/*!40000 ALTER TABLE `std_order` ENABLE KEYS */;
UNLOCK TABLES;

--
-- Table structure for table `std_recharge`
--

DROP TABLE IF EXISTS `std_recharge`;
/*!40101 SET @saved_cs_client     = @@character_set_client */;
/*!50503 SET character_set_client = utf8mb4 */;
CREATE TABLE `std_recharge` (
  `id` bigint NOT NULL AUTO_INCREMENT COMMENT '编号',
  `user_id` bigint DEFAULT '0' COMMENT '用户编号-&gt;std_user.id',
  `status` bigint DEFAULT '0' COMMENT '状态',
  `upload` varchar(255) DEFAULT NULL COMMENT '凭证地址',
  `bank_id` bigint DEFAULT '0' COMMENT '银行卡编号-&gt;std_bank_card.id',
  `amount` decimal(10,2) DEFAULT '0.00' COMMENT '金额',
  `bill_id` bigint DEFAULT '0' COMMENT '账单编号-&gt;std_biil.id',
  `updated_at` datetime DEFAULT NULL COMMENT '更新时间',
  `created_at` datetime DEFAULT NULL COMMENT '建创时间',
  `auth_id` bigint DEFAULT '0' COMMENT '审核者编号-&gt;std_user.id',
  PRIMARY KEY (`id`)
) ENGINE=InnoDB AUTO_INCREMENT=2 DEFAULT CHARSET=utf8mb4 COLLATE=utf8mb4_0900_ai_ci;
/*!40101 SET character_set_client = @saved_cs_client */;

--
-- Dumping data for table `std_recharge`
--

LOCK TABLES `std_recharge` WRITE;
/*!40000 ALTER TABLE `std_recharge` DISABLE KEYS */;
/*!40000 ALTER TABLE `std_recharge` ENABLE KEYS */;
UNLOCK TABLES;

--
-- Table structure for table `std_spider`
--

DROP TABLE IF EXISTS `std_spider`;
/*!40101 SET @saved_cs_client     = @@character_set_client */;
/*!50503 SET character_set_client = utf8mb4 */;
CREATE TABLE `std_spider` (
  `id` bigint NOT NULL AUTO_INCREMENT COMMENT '编号',
  `type` bigint DEFAULT NULL COMMENT '类型',
  `order_no` varchar(64) DEFAULT NULL COMMENT '订单编号',
  `order_status` varchar(64) DEFAULT NULL COMMENT '订单状态',
  `order_goods` varchar(32) DEFAULT NULL COMMENT '商品名称',
  `order_price` decimal(10,2) DEFAULT NULL COMMENT '商品单价',
  `order_count` bigint DEFAULT NULL COMMENT '商品数量',
  `order_amount` decimal(10,2) DEFAULT NULL COMMENT '订单总价',
  `order_info_area` varchar(32) DEFAULT NULL COMMENT '所在区/服',
  `order_info_accno` varchar(32) DEFAULT NULL COMMENT '账号',
  `order_info_remark` varchar(32) DEFAULT NULL COMMENT '备注',
  `order_reamrk` varchar(32) DEFAULT NULL COMMENT '订单备注',
  `order_create_time` datetime DEFAULT NULL COMMENT '创建时间',
  `order_pay_time` datetime DEFAULT NULL COMMENT '支付时间',
  `order_finish_time` datetime DEFAULT NULL COMMENT '发货时间',
  `updated_at` datetime DEFAULT NULL COMMENT '更新时间',
  `created_at` datetime DEFAULT NULL COMMENT '建创时间',
  PRIMARY KEY (`id`)
) ENGINE=InnoDB DEFAULT CHARSET=utf8mb4 COLLATE=utf8mb4_0900_ai_ci;
/*!40101 SET character_set_client = @saved_cs_client */;

--
-- Dumping data for table `std_spider`
--

LOCK TABLES `std_spider` WRITE;
/*!40000 ALTER TABLE `std_spider` DISABLE KEYS */;
/*!40000 ALTER TABLE `std_spider` ENABLE KEYS */;
UNLOCK TABLES;

--
-- Table structure for table `std_system_log`
--

DROP TABLE IF EXISTS `std_system_log`;
/*!40101 SET @saved_cs_client     = @@character_set_client */;
/*!50503 SET character_set_client = utf8mb4 */;
CREATE TABLE `std_system_log` (
  `id` bigint NOT NULL AUTO_INCREMENT COMMENT '编号',
  `type` bigint DEFAULT NULL COMMENT '类型',
  `user_id` bigint DEFAULT NULL COMMENT '用户编号-&gt;std_user.id',
  `refer_id` varchar(64) DEFAULT NULL COMMENT '引用id',
  `client_ip` varchar(32) DEFAULT NULL COMMENT '操作IP',
  `updated_at` datetime DEFAULT NULL COMMENT '更新时间',
  `created_at` datetime DEFAULT NULL COMMENT '建创时间',
  `title` varchar(255) DEFAULT NULL COMMENT '标题',
  `desc` varchar(255) DEFAULT NULL COMMENT '描述',
  PRIMARY KEY (`id`)
) ENGINE=InnoDB AUTO_INCREMENT=320 DEFAULT CHARSET=utf8mb4 COLLATE=utf8mb4_0900_ai_ci;
/*!40101 SET character_set_client = @saved_cs_client */;

--
-- Dumping data for table `std_system_log`
--

LOCK TABLES `std_system_log` WRITE;
/*!40000 ALTER TABLE `std_system_log` DISABLE KEYS */;
INSERT INTO `std_system_log` VALUES (305,NULL,112,'BD20221009142220UW4HU','182.118.237.8','2022-10-09 14:31:08','2022-10-09 14:31:08','订单回调','人工操作'),(306,NULL,28,'BD20221009142220UW4HU','112.120.243.51','2022-10-09 14:50:32','2022-10-09 14:50:32','订单回调','人工操作'),(307,NULL,112,'BD20221009142220UW4HU','182.118.237.8','2022-10-09 15:02:54','2022-10-09 15:02:54','订单回调','人工操作'),(308,NULL,1,'BD20221009142208BAOKG','1.47.139.9','2022-10-09 15:11:56','2022-10-09 15:11:56','订单回调','人工操作'),(309,NULL,1,'BD20221009142413NYMBZ','1.47.139.9','2022-10-09 15:12:04','2022-10-09 15:12:04','订单回调','人工操作'),(310,NULL,1,'BD20221009141303MTM6S','1.47.139.9','2022-10-09 15:12:08','2022-10-09 15:12:08','订单回调','人工操作'),(311,NULL,1,'100012144333','1.47.139.9','2022-10-09 15:32:29','2022-10-09 15:32:29','订单驳回','人工操作'),(312,NULL,28,'T1112234221005210505642b41500','112.120.243.51','2022-10-09 15:36:27','2022-10-09 15:36:27','订单驳回','人工操作'),(313,NULL,28,'T1112234221005210505642b41500','112.120.243.51','2022-10-09 16:01:52','2022-10-09 16:01:52','订单驳回','人工操作'),(314,NULL,1,'BD20221009142208BAOKG','1.47.139.9','2022-10-09 16:03:06','2022-10-09 16:03:06','订单回调','人工操作'),(315,NULL,1,'BD20221009141303MTM6S','1.47.139.9','2022-10-09 16:05:37','2022-10-09 16:05:37','订单回调','人工操作'),(316,NULL,117,'49493074665348','112.120.243.51','2022-10-09 16:59:40','2022-10-09 16:59:40','订单回调','人工操作'),(317,NULL,117,'39803699875849','112.120.243.51','2022-10-09 17:03:46','2022-10-09 17:03:46','订单回调','人工操作'),(318,NULL,28,'BD20221009171208QH2AN','112.120.243.51','2022-10-09 17:21:44','2022-10-09 17:21:44','订单回调','人工操作'),(319,NULL,0,'10020666444','192.168.3.188','2022-10-09 20:01:06','2022-10-09 20:01:06','订单回调','App自动回调');
/*!40000 ALTER TABLE `std_system_log` ENABLE KEYS */;
UNLOCK TABLES;

--
-- Table structure for table `std_user`
--

DROP TABLE IF EXISTS `std_user`;
/*!40101 SET @saved_cs_client     = @@character_set_client */;
/*!50503 SET character_set_client = utf8mb4 */;
CREATE TABLE `std_user` (
  `id` bigint NOT NULL AUTO_INCREMENT COMMENT '用户ID',
  `role_id` bigint DEFAULT NULL COMMENT '角色ID',
  `sex` bigint DEFAULT NULL COMMENT '性别',
  `prov` bigint DEFAULT NULL COMMENT '省市',
  `city` bigint DEFAULT NULL COMMENT '城市',
  `dist` bigint DEFAULT NULL COMMENT '区县',
  `status` bigint DEFAULT NULL COMMENT '状态',
  `refer_id` bigint DEFAULT NULL COMMENT '引用ID',
  `point` bigint DEFAULT NULL COMMENT '积分',
  `level` bigint DEFAULT NULL COMMENT '级别',
  `exp` bigint DEFAULT '0',
  `username` varchar(128) DEFAULT NULL COMMENT '账号',
  `password` varchar(128) DEFAULT NULL COMMENT '密码',
  `secret` varchar(255) DEFAULT NULL COMMENT '谷歌密钥',
  `unionid` varchar(128) DEFAULT NULL COMMENT '微信unionid',
  `openid` varchar(128) DEFAULT NULL COMMENT '微信openid',
  `avatar` varchar(255) DEFAULT NULL COMMENT '头像',
  `mobile` varchar(128) DEFAULT NULL COMMENT '电话',
  `email` varchar(128) DEFAULT NULL COMMENT '邮箱',
  `desc` varchar(255) DEFAULT NULL COMMENT '描述',
  `attach` varchar(512) DEFAULT NULL COMMENT '附件',
  `invite_code` varchar(6) DEFAULT NULL COMMENT '邀请码',
  `login_ip` varchar(32) DEFAULT NULL COMMENT '登录IP',
  `login_at` datetime DEFAULT NULL COMMENT '登录时间',
  `updated_at` datetime DEFAULT NULL COMMENT '更新时间',
  `created_at` datetime DEFAULT NULL COMMENT '创建时间',
  `birthady` datetime DEFAULT NULL COMMENT '用户日生',
  `health` bigint DEFAULT NULL COMMENT '生命值',
  `nickname` varchar(128) DEFAULT NULL COMMENT '昵称',
  `member_id` bigint DEFAULT NULL COMMENT '商户编号-&gt;std_member.id',
  `token` varchar(255) DEFAULT NULL COMMENT '用户token',
  `parent_id` bigint DEFAULT '0',
  `channel_id` bigint DEFAULT '0',
  `round_id` bigint DEFAULT '0',
  PRIMARY KEY (`id`)
) ENGINE=InnoDB AUTO_INCREMENT=118 DEFAULT CHARSET=utf8mb4 COLLATE=utf8mb4_0900_ai_ci;
/*!40101 SET character_set_client = @saved_cs_client */;

--
-- Dumping data for table `std_user`
--

LOCK TABLES `std_user` WRITE;
/*!40000 ALTER TABLE `std_user` DISABLE KEYS */;
INSERT INTO `std_user` VALUES (1,1,NULL,NULL,NULL,NULL,1,NULL,NULL,2,1,'admin','e10adc3949ba59abbe56e057f20f883e','FPXI5HSB6Q7FIQVKW4XC4R7IF6XS32HV',NULL,NULL,NULL,NULL,NULL,NULL,NULL,NULL,'1.47.139.9','2022-10-09 11:46:10','2022-10-09 11:46:10',NULL,NULL,NULL,NULL,NULL,'4feb4059b284e21a00e8c05ff9d94812',0,0,0),(20,3,NULL,NULL,NULL,NULL,1,0,NULL,2,1,'sh-test','e10adc3949ba59abbe56e057f20f883e','KNBKOEPWCR72VJXVKQUSLIZ2ENNTXACY',NULL,NULL,NULL,NULL,NULL,NULL,NULL,'218997','112.120.243.51','2022-10-09 17:02:17','2022-10-09 17:02:17','2021-03-27 09:29:16',NULL,NULL,NULL,NULL,'4feb4059b284e21a00e8c05ff9d94812',25,0,0),(25,2,NULL,NULL,NULL,NULL,1,NULL,NULL,2,1,'test','e10adc3949ba59abbe56e057f20f883e',NULL,NULL,NULL,NULL,NULL,NULL,NULL,NULL,'517805','192.168.3.188','2022-10-02 20:52:50','2022-10-06 16:54:15','2021-04-06 10:37:16',NULL,NULL,NULL,NULL,'4feb4059b284e21a00e8c05ff9d94812',0,0,0),(28,1,NULL,NULL,NULL,NULL,1,NULL,NULL,2,1,'root','02c007119f71d313db1a754a2298df29',NULL,NULL,NULL,NULL,NULL,NULL,NULL,NULL,'844567','192.168.3.188','2022-10-11 12:19:18','2022-10-11 12:19:18','2021-04-09 18:03:47',NULL,NULL,NULL,NULL,'93630aa2f32f43349cc88c8ce94335de',0,0,0),(102,3,NULL,NULL,NULL,NULL,1,NULL,NULL,2,2,'yb01','e10adc3949ba59abbe56e057f20f883e','OU57SMEYESVUAMSW2D6SJZRKYJOANIAZ',NULL,NULL,NULL,NULL,NULL,NULL,NULL,'643025','192.168.3.188','2022-10-10 13:58:21','2022-10-10 13:58:21','2022-10-03 18:28:07',NULL,NULL,NULL,NULL,'4feb4059b284e21a00e8c05ff9d94812',0,NULL,0),(103,1,NULL,NULL,NULL,NULL,1,NULL,NULL,2,2,'kefu01','e10adc3949ba59abbe56e057f20f883e',NULL,NULL,NULL,NULL,NULL,NULL,NULL,NULL,'444888','84.17.34.104','2022-10-03 22:13:59','2022-10-06 16:54:15','2022-10-03 19:01:43',NULL,NULL,NULL,NULL,'4feb4059b284e21a00e8c05ff9d94812',0,NULL,0),(111,4,NULL,NULL,NULL,NULL,1,NULL,NULL,2,2,'facai','e10adc3949ba59abbe56e057f20f883e',NULL,NULL,NULL,NULL,NULL,NULL,NULL,NULL,'290795','112.96.173.62','2022-10-05 14:50:13','2022-10-09 17:08:49','2022-10-05 14:50:01',NULL,NULL,NULL,NULL,'4feb4059b284e21a00e8c05ff9d94812',113,2,0),(112,4,NULL,NULL,NULL,NULL,1,NULL,NULL,2,2,'fafafa','e10adc3949ba59abbe56e057f20f883e',NULL,NULL,NULL,NULL,NULL,NULL,NULL,NULL,'765931','182.118.237.8','2022-10-09 12:42:32','2022-10-09 17:08:49','2022-10-05 14:50:53',NULL,NULL,NULL,NULL,'4feb4059b284e21a00e8c05ff9d94812',114,2,0),(113,4,NULL,NULL,NULL,NULL,1,NULL,NULL,2,2,'c001zz','e10adc3949ba59abbe56e057f20f883e',NULL,NULL,NULL,NULL,NULL,NULL,NULL,NULL,'207498',NULL,NULL,'2022-10-09 17:08:49','2022-10-05 15:57:34',NULL,NULL,NULL,NULL,NULL,0,2,0),(114,4,NULL,NULL,NULL,NULL,1,NULL,NULL,2,2,'youqian','e10adc3949ba59abbe56e057f20f883e',NULL,NULL,NULL,NULL,NULL,NULL,NULL,NULL,'158557','111.176.79.8','2022-10-09 12:48:50','2022-10-09 17:08:49','2022-10-09 11:46:52',NULL,NULL,NULL,NULL,'4feb4059b284e21a00e8c05ff9d94812',111,NULL,0),(115,4,NULL,NULL,NULL,NULL,1,NULL,NULL,2,2,'abcxdd','e10adc3949ba59abbe56e057f20f883e',NULL,NULL,NULL,NULL,NULL,NULL,NULL,NULL,'284596','112.96.194.122','2022-10-09 17:10:26','2022-10-09 17:10:26','2022-10-09 11:50:47',NULL,NULL,NULL,NULL,'4feb4059b284e21a00e8c05ff9d94812',111,2,0),(116,4,NULL,NULL,NULL,NULL,1,NULL,NULL,2,2,'jimu','e10adc3949ba59abbe56e057f20f883e',NULL,NULL,NULL,NULL,NULL,NULL,NULL,NULL,'768827','111.176.79.8','2022-10-09 13:18:24','2022-10-09 17:08:49','2022-10-09 13:16:34',NULL,NULL,NULL,NULL,'4feb4059b284e21a00e8c05ff9d94812',114,2,0);
/*!40000 ALTER TABLE `std_user` ENABLE KEYS */;
UNLOCK TABLES;

--
-- Table structure for table `std_user_balance`
--

DROP TABLE IF EXISTS `std_user_balance`;
/*!40101 SET @saved_cs_client     = @@character_set_client */;
/*!50503 SET character_set_client = utf8mb4 */;
CREATE TABLE `std_user_balance` (
  `id` bigint NOT NULL AUTO_INCREMENT COMMENT '编号',
  `user_id` bigint DEFAULT '0' COMMENT '用户编号-&gt;std_user.id',
  `balance` decimal(18,6) DEFAULT '0.000000' COMMENT '余额',
  `frozen` decimal(18,6) DEFAULT '0.000000' COMMENT '冻结金额',
  `credit` decimal(18,6) DEFAULT '0.000000' COMMENT '额度',
  `updated_at` datetime DEFAULT NULL COMMENT '更新时间',
  `created_at` datetime DEFAULT NULL COMMENT '创建时间',
  PRIMARY KEY (`id`)
) ENGINE=InnoDB AUTO_INCREMENT=110 DEFAULT CHARSET=utf8mb4 COLLATE=utf8mb4_0900_ai_ci;
/*!40101 SET character_set_client = @saved_cs_client */;

--
-- Dumping data for table `std_user_balance`
--

LOCK TABLES `std_user_balance` WRITE;
/*!40000 ALTER TABLE `std_user_balance` DISABLE KEYS */;
INSERT INTO `std_user_balance` VALUES (1,1,0.000000,200.000000,0.000000,'2021-04-15 22:49:59',NULL),(12,20,4251.500000,0.000000,0.000000,'2022-10-11 13:48:23','2021-03-27 09:29:16'),(17,25,7.000000,0.000000,0.000000,'2022-10-09 17:03:46','2021-04-06 10:37:16'),(20,28,0.000000,0.000000,0.000000,'2021-04-09 18:03:47','2021-04-09 18:03:47'),(55,63,0.000000,0.000000,0.000000,'2022-01-25 15:37:01','2022-01-25 15:37:01'),(84,92,0.000000,0.000000,0.000000,'2022-03-31 09:00:49','2022-03-31 09:00:49'),(85,93,0.000000,0.000000,0.000000,'2022-05-13 19:27:29','2022-05-13 19:27:29'),(86,94,0.000000,0.000000,0.000000,'2022-05-24 20:05:23','2022-05-24 20:05:23'),(87,95,0.000000,0.000000,0.000000,'2022-05-25 20:21:21','2022-05-25 20:21:21'),(94,102,17787.410000,0.000000,0.000000,'2022-10-09 20:01:06','2022-10-03 18:28:07'),(95,103,0.000000,0.000000,0.000000,'2022-10-03 19:01:43','2022-10-03 19:01:43'),(103,111,19.535880,0.000000,0.000000,'2022-10-09 20:01:06','2022-10-05 14:50:01'),(104,112,49134.603720,0.000000,0.000000,'2022-10-09 20:01:07','2022-10-05 14:50:53'),(105,113,32.559800,0.000000,0.000000,'2022-10-09 20:01:06','2022-10-05 15:57:34'),(106,114,39.071760,0.000000,0.000000,'2022-10-09 20:01:06','2022-10-09 11:46:52'),(107,115,71796.020000,0.000000,0.000000,'2022-10-11 11:57:48','2022-10-09 11:50:47'),(108,116,0.000000,0.000000,0.000000,'2022-10-09 13:16:34','2022-10-09 13:16:34');
/*!40000 ALTER TABLE `std_user_balance` ENABLE KEYS */;
UNLOCK TABLES;

--
-- Table structure for table `std_version`
--

DROP TABLE IF EXISTS `std_version`;
/*!40101 SET @saved_cs_client     = @@character_set_client */;
/*!50503 SET character_set_client = utf8mb4 */;
CREATE TABLE `std_version` (
  `id` bigint NOT NULL AUTO_INCREMENT COMMENT 'id',
  `url` varchar(255) DEFAULT NULL COMMENT '下载地址',
  `title` varchar(255) DEFAULT NULL COMMENT '标题',
  `number` varchar(128) DEFAULT NULL COMMENT '版本号',
  `updated_at` datetime DEFAULT NULL COMMENT '更新时间',
  `created_at` datetime DEFAULT NULL COMMENT '建创时间',
  PRIMARY KEY (`id`)
) ENGINE=InnoDB AUTO_INCREMENT=2 DEFAULT CHARSET=utf8mb4 COLLATE=utf8mb4_0900_ai_ci;
/*!40101 SET character_set_client = @saved_cs_client */;

--
-- Dumping data for table `std_version`
--

LOCK TABLES `std_version` WRITE;
/*!40000 ALTER TABLE `std_version` DISABLE KEYS */;
INSERT INTO `std_version` VALUES (1,NULL,'Apk-1.0.5','1.0.2','2022-10-04 00:28:58',NULL);
/*!40000 ALTER TABLE `std_version` ENABLE KEYS */;
UNLOCK TABLES;

--
-- Table structure for table `std_withdrawal`
--

DROP TABLE IF EXISTS `std_withdrawal`;
/*!40101 SET @saved_cs_client     = @@character_set_client */;
/*!50503 SET character_set_client = utf8mb4 */;
CREATE TABLE `std_withdrawal` (
  `id` bigint NOT NULL AUTO_INCREMENT COMMENT '编号',
  `user_id` bigint DEFAULT '0' COMMENT '用户编号-&gt;std_user.id',
  `status` bigint DEFAULT '0' COMMENT '状态',
  `upload` varchar(255) DEFAULT NULL COMMENT '凭证地址',
  `bank_id` bigint DEFAULT '0' COMMENT '银行卡编号-&gt;std_bank_card.id',
  `amount` decimal(10,2) DEFAULT '0.00' COMMENT '金额',
  `bill_id` bigint DEFAULT '0' COMMENT '账单编号-&gt;std_biil.id',
  `updated_at` datetime DEFAULT NULL COMMENT '更新时间',
  `created_at` datetime DEFAULT NULL COMMENT '建创时间',
  `auth_id` bigint DEFAULT '0' COMMENT '审核者编号-&gt;std_user.id',
  `usdt` decimal(10,5) DEFAULT NULL,
  `rate` decimal(10,5) DEFAULT NULL,
  PRIMARY KEY (`id`)
) ENGINE=InnoDB AUTO_INCREMENT=18 DEFAULT CHARSET=utf8mb4 COLLATE=utf8mb4_0900_ai_ci;
/*!40101 SET character_set_client = @saved_cs_client */;

--
-- Dumping data for table `std_withdrawal`
--

LOCK TABLES `std_withdrawal` WRITE;
/*!40000 ALTER TABLE `std_withdrawal` DISABLE KEYS */;
INSERT INTO `std_withdrawal` VALUES (13,20,2,'234asdfasf',0,4500.00,0,'2021-08-28 12:31:59','2021-08-28 12:27:29',0,1000.00000,4.50000),(14,20,1,'asdfasdfasdf',0,4500.00,0,'2021-08-28 12:33:05','2021-08-28 12:32:49',0,1000.00000,4.50000),(15,20,3,'sdfasdfadf',0,900.00,0,'2021-08-28 12:48:51','2021-08-28 12:48:51',0,200.00000,4.50000),(16,39,3,'wwwwww',0,645.00,0,'2021-08-29 21:09:56','2021-08-29 21:09:56',0,100.00000,6.45000),(17,39,3,'TTsssseeee',0,322.00,0,'2021-08-30 14:53:21','2021-08-30 14:53:21',0,50.00000,6.44000);
/*!40000 ALTER TABLE `std_withdrawal` ENABLE KEYS */;
UNLOCK TABLES;
/*!40103 SET TIME_ZONE=@OLD_TIME_ZONE */;

/*!40101 SET SQL_MODE=@OLD_SQL_MODE */;
/*!40014 SET FOREIGN_KEY_CHECKS=@OLD_FOREIGN_KEY_CHECKS */;
/*!40014 SET UNIQUE_CHECKS=@OLD_UNIQUE_CHECKS */;
/*!40101 SET CHARACTER_SET_CLIENT=@OLD_CHARACTER_SET_CLIENT */;
/*!40101 SET CHARACTER_SET_RESULTS=@OLD_CHARACTER_SET_RESULTS */;
/*!40101 SET COLLATION_CONNECTION=@OLD_COLLATION_CONNECTION */;
/*!40111 SET SQL_NOTES=@OLD_SQL_NOTES */;

-- Dump completed on 2022-10-11 16:23:04
