-- MySQL dump 10.13  Distrib 8.0.21, for Linux (x86_64)
--
-- Host: localhost    Database: sfv2
-- ------------------------------------------------------
-- Server version	8.0.21

/*!40101 SET @OLD_CHARACTER_SET_CLIENT=@@CHARACTER_SET_CLIENT */;
/*!40101 SET @OLD_CHARACTER_SET_RESULTS=@@CHARACTER_SET_RESULTS */;
/*!40101 SET @OLD_COLLATION_CONNECTION=@@COLLATION_CONNECTION */;
/*!50503 SET NAMES utf8mb4 */;
/*!40103 SET @OLD_TIME_ZONE=@@TIME_ZONE */;
/*!40103 SET TIME_ZONE='+00:00' */;
/*!40014 SET @OLD_UNIQUE_CHECKS=@@UNIQUE_CHECKS, UNIQUE_CHECKS=0 */;
/*!40014 SET @OLD_FOREIGN_KEY_CHECKS=@@FOREIGN_KEY_CHECKS, FOREIGN_KEY_CHECKS=0 */;
/*!40101 SET @OLD_SQL_MODE=@@SQL_MODE, SQL_MODE='NO_AUTO_VALUE_ON_ZERO' */;
/*!40111 SET @OLD_SQL_NOTES=@@SQL_NOTES, SQL_NOTES=0 */;

--
-- Table structure for table `admin_menu`
--

DROP TABLE IF EXISTS `admin_menu`;
/*!40101 SET @saved_cs_client     = @@character_set_client */;
/*!50503 SET character_set_client = utf8mb4 */;
CREATE TABLE `admin_menu` (
  `id` bigint NOT NULL AUTO_INCREMENT COMMENT '编号',
  `status` bigint DEFAULT NULL COMMENT '状态',
  `type` bigint DEFAULT NULL COMMENT '类型',
  `order_id` bigint DEFAULT NULL COMMENT '排序id',
  `target` bigint DEFAULT NULL COMMENT '打开方式',
  `parent_id` bigint DEFAULT NULL COMMENT '上级ID',
  `is_navi` bigint DEFAULT NULL COMMENT '导航',
  `show` bigint DEFAULT NULL COMMENT '显示',
  `path` varchar(255) DEFAULT NULL COMMENT '请求路径',
  `name` varchar(128) DEFAULT NULL COMMENT '菜单名称',
  `icon` varchar(255) DEFAULT NULL COMMENT '菜单图标',
  `desc` varchar(255) DEFAULT NULL COMMENT '描述',
  `args` varchar(255) DEFAULT NULL COMMENT '参数',
  `updated_at` datetime DEFAULT NULL COMMENT '更新时间',
  `created_at` datetime DEFAULT NULL COMMENT '创建时间',
  PRIMARY KEY (`id`)
) ENGINE=InnoDB AUTO_INCREMENT=149 DEFAULT CHARSET=utf8mb4 COLLATE=utf8mb4_0900_ai_ci;
/*!40101 SET character_set_client = @saved_cs_client */;

--
-- Dumping data for table `admin_menu`
--

LOCK TABLES `admin_menu` WRITE;
/*!40000 ALTER TABLE `admin_menu` DISABLE KEYS */;
INSERT INTO `admin_menu` VALUES (1,1,0,1,2,0,1,2,'/index','首页','shouye','desc','','2021-03-25 09:07:45','2021-03-25 08:58:37'),(2,1,0,2,1,0,1,1,'/member','会员','CPhezuo','desc','','2021-03-25 09:04:14','2021-03-25 08:58:58'),(4,1,0,4,1,0,1,2,'/order','订单','yemianliu','desc','','2021-03-25 09:10:17','2021-03-25 09:01:09'),(5,1,0,5,1,0,1,1,'/finance','财务','jinbi','','','2021-03-25 09:02:35','2021-03-25 09:02:35'),(6,1,0,6,1,0,1,1,'/sf','收付','fuwuguanli','','','2021-03-25 09:02:59','2021-03-25 09:02:59'),(7,1,0,7,1,0,1,1,'/setting','设置','kongzhizhongxin','','','2021-03-25 09:03:26','2021-03-25 09:03:26'),(8,1,0,1,1,2,1,1,'/member/index','会员首页','qunzu','desc','','2021-03-25 09:13:16','2021-03-25 09:13:05'),(10,1,0,1,1,7,1,1,'/setting/index','设置首页','shouye_o','','','2021-03-25 20:49:15','2021-03-25 20:49:15'),(11,1,0,2,1,7,1,1,'/setting/auth','权限管理','RectangleCopy173','','','2021-03-25 21:38:47','2021-03-25 20:50:10'),(12,1,0,1,1,1,0,1,'、','公共权限','','','','2021-03-25 20:53:34','2021-03-25 20:53:34'),(13,1,0,1,1,12,0,1,'/dev/user/menu','用户菜单获取','','','','2021-03-25 20:54:26','2021-03-25 20:54:26'),(14,1,0,1,1,11,1,1,'/setting/auth/group','角色管理','qunzu_o','平台角色管理','','2021-03-25 20:59:47','2021-03-25 20:59:47'),(15,1,0,2,1,11,1,1,'/setting/auth/menu','菜单配置','RectangleCopy51','系统菜单配置','','2021-03-25 21:01:25','2021-03-25 21:01:25'),(16,1,0,3,1,11,1,1,'/setting/auth/rule','权限配置','RectangleCopy176','分配访问权限','','2021-03-25 21:46:03','2021-03-25 21:02:05'),(17,1,0,1,1,15,0,1,'/dev/menu/fetch','菜单读取','','','','2021-03-25 21:04:10','2021-03-25 21:04:10'),(18,1,0,2,1,15,0,1,'/dev/menu/delete','删除菜单','','','','2021-03-25 21:04:33','2021-03-25 21:04:33'),(19,1,0,3,1,15,0,1,'/dev/menu/post','菜单修改','','','','2021-03-25 21:05:02','2021-03-25 21:05:02'),(20,1,0,4,1,15,0,1,'/dev/menu/order','顺序设置','','','','2021-03-25 21:05:36','2021-03-25 21:05:36'),(21,1,0,50,1,14,0,1,'/dev/role/fetch','角色读取','','','','2021-03-25 21:28:26','2021-03-25 21:28:26'),(22,1,0,50,1,14,0,1,'/dev/role/post','角色修改','','','','2021-03-25 21:28:44','2021-03-25 21:28:44'),(23,1,0,50,1,14,0,1,'/dev/role/menu','角色菜单','','','','2021-03-25 21:33:04','2021-03-25 21:33:04'),(24,1,0,50,1,12,0,1,'/dev/analysis/summary','数据汇总','','','','2021-03-26 09:20:21','2021-03-26 09:20:21'),(25,1,0,50,1,15,0,1,'/dev/role/grant','菜订授权','','','','2021-03-26 09:22:43','2021-03-26 09:22:43'),(26,1,0,50,1,12,0,1,'/dev/user/stat','用户金额信息','','','','2021-03-26 09:51:02','2021-03-26 09:51:02'),(27,1,0,2,1,2,1,1,'/member/user','账号管理','CPhezuo_o','商户账号信息维护','','2021-03-26 09:59:50','2021-03-26 09:58:03'),(28,1,0,1,1,27,1,1,'/member/biz','商户账号','jingliren','商户账号维护','','2021-03-27 09:02:10','2021-03-26 10:00:43'),(29,1,0,60,1,27,0,2,'/member/client','公有权限','guanliyuanrenzheng','卡商账号管理','','2022-02-17 15:32:03','2021-03-26 10:03:58'),(31,1,0,50,1,29,0,1,'/dev/user/post','账号创建','','','','2021-03-26 10:45:56','2021-03-26 10:45:56'),(32,1,0,50,1,29,0,1,'/dev/user/fetch','账号读取','','','','2021-03-26 10:46:50','2021-03-26 10:46:50'),(33,1,0,50,1,29,0,1,'/dev/user/delete','账号删除','','','','2021-03-26 11:32:20','2021-03-26 11:32:20'),(34,1,0,50,1,29,0,1,'/dev/user/status','状修设置','','','','2021-03-26 12:51:54','2021-03-26 12:51:54'),(35,1,0,50,1,29,0,1,'/dev/user/member','商户修改','','','','2021-03-27 19:18:51','2021-03-27 19:18:51'),(36,1,0,1,1,6,1,1,'/sf/index','收付首页','fuwuguanli','','','2021-03-27 20:44:26','2021-03-27 20:44:26'),(37,1,0,2,1,6,1,1,'/sf/','收付管理','fuwuguanli','','','2021-03-27 20:47:19','2021-03-27 20:44:58'),(39,1,0,4,1,37,1,1,'/sf/bank','银行列表','dunpaibaoxianrenzheng','全局银行列表维护','','2021-08-04 11:21:37','2021-03-27 20:46:30'),(41,1,0,3,1,37,1,1,'/sf/channel','通道管理','jiazai_shuaxin','通道管理/状态控制','','2021-08-04 11:21:32','2021-03-27 20:49:06'),(43,1,0,50,1,39,0,1,'/dev/bank/post','银行管理','','','','2021-03-27 21:18:42','2021-03-27 21:18:42'),(44,1,0,50,1,39,0,1,'/dev/bank/delete','银行删除','','','','2021-03-27 21:19:57','2021-03-27 21:19:05'),(45,1,0,50,1,39,0,1,'/dev/bank/fetch','银行读取','','','','2021-03-27 21:19:45','2021-03-27 21:19:45'),(46,1,0,50,1,39,0,1,'/dev/bank/status','修改状态','','','','2021-03-27 21:20:25','2021-03-27 21:20:25'),(47,1,0,50,1,41,0,1,'/dev/channel/post','数据维护','','','','2021-03-27 21:48:30','2021-03-27 21:48:30'),(48,1,0,50,1,41,0,1,'/dev/channel/fetch','数据读取','','','','2021-03-27 21:48:53','2021-03-27 21:48:53'),(49,1,0,50,1,41,0,1,'/dev/channel/delete','数据删除','','','','2021-03-27 21:49:05','2021-03-27 21:49:05'),(50,1,0,50,1,41,0,1,'/dev/channel/status','状态修改','','','','2021-03-27 21:49:19','2021-03-27 21:49:19'),(51,1,0,1,1,4,0,1,'/order/index','订单首页','shouye_o','','','2021-03-27 22:45:39','2021-03-27 22:45:28'),(53,1,0,2,1,4,1,1,'/order/admin','订单管理','yemianliu_o','收付订单列表','','2021-03-27 22:47:30','2021-03-27 22:47:30'),(54,1,0,1,1,53,1,1,'/order/list','代付订单','yemianliu_o','代付订单列表','','2021-03-27 22:48:50','2021-03-27 22:48:50'),(55,1,0,2,1,53,1,1,'/order/bank','代收订单','gerenxinxi','代收订单列表','','2021-03-27 22:50:05','2021-03-27 22:50:05'),(56,1,0,50,1,60,0,1,'/dev/card/post','数据维护','','','','2021-10-18 10:01:33','2021-03-28 08:29:03'),(57,1,0,50,1,60,0,1,'/dev/card/fetch','数据读取','','','','2021-10-18 10:02:49','2021-03-28 08:29:28'),(58,1,0,50,1,60,0,1,'/dev/card/delete','数据删除','','','','2021-10-18 10:02:33','2021-03-28 08:29:37'),(59,1,0,50,1,60,0,1,'/dev/card/status','状态修改','','','','2021-10-18 10:02:02','2021-03-28 08:29:51'),(60,1,0,1,1,37,1,1,'/sf/serve','收付管理','fuwuxunhuanguanli','用于代付/代收业务','','2022-02-16 20:28:53','2021-03-28 09:55:02'),(61,1,0,50,1,42,0,1,'/dev/device/post','数据维护','','','','2021-03-28 19:56:58','2021-03-28 19:56:58'),(62,1,0,50,1,42,0,1,'/dev/device/fetch','数据读取','','','','2021-03-28 19:57:23','2021-03-28 19:57:23'),(63,1,0,50,1,42,0,1,'/dev/device/delete','数据删除','','','','2021-03-28 19:57:33','2021-03-28 19:57:33'),(64,1,0,50,1,42,0,1,'/dev/device/status','状态修改','','','','2021-03-28 19:57:46','2021-03-28 19:57:46'),(65,1,0,3,1,7,1,1,'/setting','系统维护','shu','','','2021-03-29 08:18:21','2021-03-29 08:18:21'),(66,1,0,1,1,65,1,1,'/setting/version','版本管理','yingyongAPP_o','APP版本维护','','2021-03-29 08:19:39','2021-03-29 08:18:53'),(67,1,0,50,1,65,1,1,'/setting/action','操作日志','baocun','操作日志记录','','2021-03-29 08:19:28','2021-03-29 08:19:28'),(68,1,0,1,1,5,1,1,'/finance/index','财务首页','shouye_o','','','2021-03-29 09:08:29','2021-03-29 09:08:29'),(69,1,0,2,1,5,1,1,'/finance/navi','快捷向导','ding_o','','','2021-03-29 09:09:01','2021-03-29 09:09:01'),(72,1,0,3,1,69,1,1,'/finance/transaction','账户流水','huobiliu_o','交易流水查询','','2021-03-29 09:12:41','2021-03-29 09:12:41'),(73,1,0,50,1,29,0,1,'/dev/chain/post','商户通道','','','','2021-03-30 14:54:23','2021-03-30 14:54:23'),(74,1,0,50,1,70,0,1,'/dev/recharge/post','数据维护','','','','2021-03-31 09:24:46','2021-03-31 09:24:46'),(75,1,0,50,1,70,0,1,'/dev/recharge/fetch','数据读取','','','','2021-03-31 09:25:18','2021-03-31 09:25:18'),(76,1,0,50,1,70,0,1,'/dev/recharge/delete','数据删除','','','','2021-04-01 09:40:00','2021-03-31 09:25:34'),(77,1,0,50,1,70,0,1,'/dev/recharge/status','状态修改','','','','2021-03-31 09:25:48','2021-03-31 09:25:48'),(78,1,0,50,1,71,0,1,'/dev/withdrawal/post','数据维护','','','','2021-04-01 09:38:09','2021-04-01 09:38:09'),(79,1,0,50,1,71,0,1,'/dev/withdrawal/fetch','数据读取','','','','2021-04-01 09:38:30','2021-04-01 09:38:30'),(80,1,0,50,1,71,0,1,'/dev/withdrawal/delete','数据删除','','','','2021-04-01 09:40:30','2021-04-01 09:38:38'),(81,1,0,50,1,71,0,1,'/dev/withdrawal/status','状态修改','','','','2021-04-01 09:39:00','2021-04-01 09:39:00'),(82,1,0,50,1,72,0,1,'/dev/balance/fetch','数据读取','','','','2021-04-01 10:39:02','2021-04-01 10:39:02'),(83,1,0,50,1,12,0,1,'/dev/user/goauth','谷歌绑定','','','','2021-04-01 12:24:32','2021-04-01 12:24:32'),(84,1,0,50,1,12,0,1,'/dev/user/modifypwd','修改密码','','','','2021-04-01 13:21:43','2021-04-01 13:20:53'),(85,1,0,50,1,12,0,1,'/dev/user/reset','用户重置','','','','2021-04-01 13:34:58','2021-04-01 13:34:58'),(86,1,0,50,1,60,0,1,'/dev/card/bind','卡片绑定','','','','2021-04-01 21:03:56','2021-04-01 21:03:56'),(87,1,0,50,1,53,0,1,'/dev/order/','公有权限','youjian','','','2022-01-20 09:36:14','2021-04-02 09:29:57'),(88,1,0,50,1,87,0,1,'/dev/order/fetch','读取','','','','2021-04-02 09:30:36','2021-04-02 09:30:36'),(89,1,0,50,1,87,0,1,'/dev/order/post','代付下单','','','','2022-01-20 09:35:44','2021-04-02 10:07:31'),(90,1,0,50,1,94,0,1,'/dev/order/finish','确认收款','','','','2021-09-10 16:49:07','2021-04-03 09:29:27'),(91,1,0,50,1,94,0,1,'/dev/order/fail','付款失败','','','','2021-09-10 16:49:30','2021-04-03 12:25:01'),(92,1,0,50,1,60,0,1,'/dev/bank/fetch','银行列表','','','','2021-10-18 10:01:20','2021-04-04 15:11:06'),(93,1,0,50,1,27,1,1,'/member/admin','管理员账号','gerentouxiang','管理员账号维护','','2021-04-06 10:33:48','2021-04-06 10:31:39'),(94,1,0,50,1,53,0,1,'/dev/order/fresh','私有权限','youjian','','','2022-01-20 09:36:26','2021-04-07 11:17:24'),(95,1,0,50,1,29,0,1,'/dev/agent/limit','费率限制','','','','2021-04-09 12:54:14','2021-04-09 12:54:14'),(96,1,0,50,1,29,0,1,'/dev/agent/post','费率设置','','','','2021-04-09 14:30:11','2021-04-09 14:30:11'),(97,1,0,50,1,87,0,1,'/dev/order/pay','代收下单','','','','2022-01-20 09:35:52','2021-04-10 09:18:40'),(98,1,0,50,1,28,0,1,'/dev/user/post','商户创建','','','','2021-04-10 14:58:18','2021-04-10 14:58:18'),(99,1,0,50,1,28,0,1,'/dev/user/fetch','商户读取','','','','2021-04-10 14:58:50','2021-04-10 14:58:50'),(100,1,0,50,1,28,0,1,'/dev/channel/fetch','通道读取','','','','2021-04-10 15:01:02','2021-04-10 15:01:02'),(101,1,0,50,1,28,0,1,'/dev/user/member','会员维护','','','','2021-04-10 16:50:53','2021-04-10 16:50:53'),(102,1,0,50,1,28,0,1,'/dev/agent/fetch','代理费率读取','','','','2021-04-10 17:09:03','2021-04-10 17:09:03'),(103,1,0,50,1,28,0,1,'/dev/chain/post','费率设置','','','','2021-04-10 17:59:43','2021-04-10 17:59:43'),(104,1,0,50,1,12,0,1,'/dev/order/read','消息读取','','','','2021-04-12 17:05:38','2021-04-12 17:05:38'),(107,1,0,50,1,106,0,1,'/dev/alipay/post','数据维护','','','','2021-04-15 19:51:39','2021-04-15 19:09:19'),(108,1,0,50,1,106,0,1,'/dev/alipay/fetch','数据读取','','','','2021-04-15 19:51:46','2021-04-15 19:09:39'),(109,1,0,50,1,106,0,1,'/dev/alipay/delete','数据删除','','','','2021-04-15 19:51:51','2021-04-15 19:09:56'),(110,1,0,50,1,106,0,1,'/dev/alipay/status','状态修改','','','','2021-04-15 19:51:56','2021-04-15 19:10:08'),(111,1,0,50,1,105,0,1,'/dev/order/alipay','手动下单','','','','2021-04-15 21:17:22','2021-04-15 21:17:22'),(112,1,0,50,1,12,0,1,'/dev/order/out','数据导出','','','','2021-04-17 12:19:23','2021-04-17 12:19:23'),(113,1,0,50,1,12,0,1,'/dev/balance/out','流水导出','','','','2021-04-17 15:30:29','2021-04-17 15:30:29'),(114,1,0,50,1,66,0,1,'/dev/version/post','数据维护','','','','2021-04-25 10:59:47','2021-04-25 10:59:47'),(115,1,0,50,1,66,0,1,'/dev/version/fetch','数据读取','','','','2021-04-25 11:00:09','2021-04-25 11:00:09'),(116,1,0,50,1,67,0,1,'/dev/system/delete','清空日志','','','','2021-08-04 11:13:11','2021-08-04 11:13:11'),(117,1,0,50,1,67,0,1,'/dev/system/fetch','日志读取','','','','2021-08-04 11:14:03','2021-08-04 11:14:03'),(118,1,0,50,1,69,1,1,'/finance/stat','数据统计','chizi','卡商收入、成功率统计','','2021-08-26 10:51:15','2021-08-26 10:51:15'),(119,1,0,50,1,118,0,1,'/dev/analysis/stat','查询','','','','2021-08-26 10:51:36','2021-08-26 10:51:36'),(120,1,0,50,1,69,1,1,'/finance/card','卡片统计','jinbi','卡片收支统计','','2021-08-26 10:52:13','2021-08-26 10:52:13'),(121,1,0,50,1,120,0,1,'/dev/card/stat','卡片数据统计','','','','2021-08-26 10:52:33','2021-08-26 10:52:33'),(123,1,0,50,1,122,0,1,'/dev/alipay/fetch','数据读取','','','','2021-09-09 09:24:07','2021-09-09 09:24:07'),(124,1,0,50,1,122,0,1,'/dev/alipay/post','数据维护','','','','2021-09-09 09:24:45','2021-09-09 09:24:45'),(125,1,0,50,1,122,0,1,'/dev/alipay/delete','数据删除','','','','2021-09-09 09:24:59','2021-09-09 09:24:59'),(126,1,0,50,1,122,0,1,'/dev/alipay/status','状态修改','','','','2021-09-09 09:25:15','2021-09-09 09:25:15'),(129,1,0,50,1,27,1,1,'/member/agent','代理账号','jingliren','代理账号列表','','2021-10-06 19:36:18','2021-10-06 19:35:45'),(130,1,0,50,1,94,0,1,'/dev/order/mod','修改金额','','','','2021-10-08 14:44:39','2021-10-08 14:44:39'),(131,1,0,50,1,12,0,1,'/dev/user/child','下级读取','','','','2021-10-18 20:28:51','2021-10-18 20:28:51'),(132,1,0,50,1,12,0,1,'/dev/user/balance','实时余额','','','','2021-10-20 22:59:32','2021-10-20 22:59:32'),(133,1,0,50,1,12,0,1,'/dev/card/query','卡片查询','','','','2021-10-21 16:12:35','2021-10-21 16:12:35'),(134,1,0,50,1,12,0,1,'/dev/chain/fetch','费率查询','','','','2021-10-22 11:23:14','2021-10-22 11:23:14'),(135,1,0,50,1,134,0,1,'/dev/chain/post','添加费率','','','','2021-10-22 19:47:43','2021-10-22 19:47:43'),(136,1,0,50,1,12,0,1,'/dev/order/cert','凭证上传','','','','2021-10-23 16:52:33','2021-10-23 16:52:33'),(137,1,0,50,1,12,0,1,'/dev/user/money','保证金转入转出','','','','2021-10-26 20:37:30','2021-10-26 20:37:30'),(138,1,0,50,1,94,0,1,'/dev/order/dist','手动分配卡商','','','','2021-10-29 22:14:58','2021-10-29 22:14:58'),(139,1,0,50,1,12,0,1,'/dev/channel/fetch','通道读取','','','','2021-11-21 15:29:00','2021-11-21 15:29:00'),(140,1,0,50,1,12,0,1,'/dev/user/fee','收益转出','','','','2022-01-23 23:41:51','2022-01-23 23:41:51'),(141,1,0,50,1,27,1,1,'/member/level','下级管理','biaoqing_xiao','下级用户','','2022-02-17 15:37:38','2022-02-17 15:28:13'),(142,1,0,3,1,27,1,1,'/member/client','卡商账号','guanliyuanrenzheng','卡商账号管理','','2022-02-17 15:33:21','2022-02-17 15:29:30'),(144,1,0,50,1,143,0,1,'/dev/card/post','数据维护','','','','2022-03-08 12:13:31','2022-03-08 12:13:31'),(145,1,0,50,1,143,0,1,'/dev/card/fetch','数据读取','','','','2022-03-08 12:13:54','2022-03-08 12:13:54'),(146,1,0,50,1,143,0,1,'/dev/card/delete','数据删除','','','','2022-03-08 12:14:17','2022-03-08 12:14:17'),(147,1,0,50,1,143,0,1,'/dev/card/status','状态修改','','','','2022-03-08 12:14:39','2022-03-08 12:14:39'),(148,1,0,50,1,143,0,1,'/dev/bank/fetch','银行读取','','','','2022-03-08 12:15:03','2022-03-08 12:15:03');
/*!40000 ALTER TABLE `admin_menu` ENABLE KEYS */;
UNLOCK TABLES;

--
-- Table structure for table `admin_role`
--

DROP TABLE IF EXISTS `admin_role`;
/*!40101 SET @saved_cs_client     = @@character_set_client */;
/*!50503 SET character_set_client = utf8mb4 */;
CREATE TABLE `admin_role` (
  `id` bigint NOT NULL AUTO_INCREMENT COMMENT 'id',
  `name` varchar(64) DEFAULT NULL COMMENT '名称',
  `icon` varchar(255) DEFAULT NULL COMMENT '图标',
  `desc` varchar(255) DEFAULT NULL COMMENT '描述',
  `status` bigint DEFAULT NULL COMMENT '状态',
  `updated_at` datetime DEFAULT NULL COMMENT '更新时间',
  `created_at` datetime DEFAULT NULL COMMENT '创建时间',
  PRIMARY KEY (`id`)
) ENGINE=InnoDB AUTO_INCREMENT=5 DEFAULT CHARSET=utf8mb4 COLLATE=utf8mb4_0900_ai_ci;
/*!40101 SET character_set_client = @saved_cs_client */;

--
-- Dumping data for table `admin_role`
--

LOCK TABLES `admin_role` WRITE;
/*!40000 ALTER TABLE `admin_role` DISABLE KEYS */;
INSERT INTO `admin_role` VALUES (1,'管理员',NULL,'拥有系统最高权限',1,'2021-03-25 08:54:41','2021-03-25 08:54:41'),(2,'代理',NULL,'可创建商户、卡商获取佣金',1,'2021-03-25 08:55:26','2021-03-25 08:55:26'),(3,'商户',NULL,'拥用手动、API下单权限',1,'2021-03-25 08:56:00','2021-03-25 08:56:00'),(4,'卡商',NULL,'收付卡号供应商',1,'2021-03-25 08:57:06','2021-03-25 08:56:41');
/*!40000 ALTER TABLE `admin_role` ENABLE KEYS */;
UNLOCK TABLES;

--
-- Table structure for table `admin_role_menu`
--

DROP TABLE IF EXISTS `admin_role_menu`;
/*!40101 SET @saved_cs_client     = @@character_set_client */;
/*!50503 SET character_set_client = utf8mb4 */;
CREATE TABLE `admin_role_menu` (
  `id` bigint NOT NULL AUTO_INCREMENT COMMENT '编号',
  `menu_id` bigint DEFAULT NULL COMMENT '菜单编号-&gt;std_menu.id',
  `role_id` bigint DEFAULT NULL COMMENT '角色编号-&gt;std_role.id',
  `updated_at` datetime DEFAULT NULL COMMENT '更新时间',
  `created_at` datetime DEFAULT NULL COMMENT '创建时间',
  PRIMARY KEY (`id`)
) ENGINE=InnoDB AUTO_INCREMENT=8072 DEFAULT CHARSET=utf8mb4 COLLATE=utf8mb4_0900_ai_ci;
/*!40101 SET character_set_client = @saved_cs_client */;

--
-- Dumping data for table `admin_role_menu`
--

LOCK TABLES `admin_role_menu` WRITE;
/*!40000 ALTER TABLE `admin_role_menu` DISABLE KEYS */;
INSERT INTO `admin_role_menu` VALUES (7018,1,2,'2022-01-20 09:29:57','2022-01-20 09:29:57'),(7019,12,2,'2022-01-20 09:29:57','2022-01-20 09:29:57'),(7020,13,2,'2022-01-20 09:29:57','2022-01-20 09:29:57'),(7021,24,2,'2022-01-20 09:29:57','2022-01-20 09:29:57'),(7022,26,2,'2022-01-20 09:29:57','2022-01-20 09:29:57'),(7023,83,2,'2022-01-20 09:29:57','2022-01-20 09:29:57'),(7024,84,2,'2022-01-20 09:29:57','2022-01-20 09:29:57'),(7025,85,2,'2022-01-20 09:29:57','2022-01-20 09:29:57'),(7026,104,2,'2022-01-20 09:29:57','2022-01-20 09:29:57'),(7027,112,2,'2022-01-20 09:29:57','2022-01-20 09:29:57'),(7028,113,2,'2022-01-20 09:29:57','2022-01-20 09:29:57'),(7029,131,2,'2022-01-20 09:29:57','2022-01-20 09:29:57'),(7030,132,2,'2022-01-20 09:29:57','2022-01-20 09:29:57'),(7031,133,2,'2022-01-20 09:29:57','2022-01-20 09:29:57'),(7032,134,2,'2022-01-20 09:29:57','2022-01-20 09:29:57'),(7033,135,2,'2022-01-20 09:29:57','2022-01-20 09:29:57'),(7034,136,2,'2022-01-20 09:29:57','2022-01-20 09:29:57'),(7035,137,2,'2022-01-20 09:29:57','2022-01-20 09:29:57'),(7036,139,2,'2022-01-20 09:29:57','2022-01-20 09:29:57'),(7037,51,2,'2022-01-20 09:29:57','2022-01-20 09:29:57'),(7038,54,2,'2022-01-20 09:29:57','2022-01-20 09:29:57'),(7039,87,2,'2022-01-20 09:29:57','2022-01-20 09:29:57'),(7040,88,2,'2022-01-20 09:29:57','2022-01-20 09:29:57'),(7041,89,2,'2022-01-20 09:29:57','2022-01-20 09:29:57'),(7042,128,2,'2022-01-20 09:29:57','2022-01-20 09:29:57'),(7043,68,2,'2022-01-20 09:29:57','2022-01-20 09:29:57'),(7044,72,2,'2022-01-20 09:29:57','2022-01-20 09:29:57'),(7045,82,2,'2022-01-20 09:29:57','2022-01-20 09:29:57'),(7046,4,2,'2022-01-20 09:29:57','2022-01-20 09:29:57'),(7047,53,2,'2022-01-20 09:29:57','2022-01-20 09:29:57'),(7048,5,2,'2022-01-20 09:29:57','2022-01-20 09:29:57'),(7049,69,2,'2022-01-20 09:29:57','2022-01-20 09:29:57'),(7360,1,3,'2022-02-15 13:26:32','2022-02-15 13:26:32'),(7361,12,3,'2022-02-15 13:26:32','2022-02-15 13:26:32'),(7362,13,3,'2022-02-15 13:26:32','2022-02-15 13:26:32'),(7363,24,3,'2022-02-15 13:26:32','2022-02-15 13:26:32'),(7364,26,3,'2022-02-15 13:26:32','2022-02-15 13:26:32'),(7365,83,3,'2022-02-15 13:26:32','2022-02-15 13:26:32'),(7366,84,3,'2022-02-15 13:26:32','2022-02-15 13:26:32'),(7367,85,3,'2022-02-15 13:26:32','2022-02-15 13:26:32'),(7368,104,3,'2022-02-15 13:26:32','2022-02-15 13:26:32'),(7369,112,3,'2022-02-15 13:26:32','2022-02-15 13:26:32'),(7370,113,3,'2022-02-15 13:26:32','2022-02-15 13:26:32'),(7371,131,3,'2022-02-15 13:26:32','2022-02-15 13:26:32'),(7372,132,3,'2022-02-15 13:26:32','2022-02-15 13:26:32'),(7373,133,3,'2022-02-15 13:26:32','2022-02-15 13:26:32'),(7374,134,3,'2022-02-15 13:26:32','2022-02-15 13:26:32'),(7375,135,3,'2022-02-15 13:26:32','2022-02-15 13:26:32'),(7376,136,3,'2022-02-15 13:26:32','2022-02-15 13:26:32'),(7377,137,3,'2022-02-15 13:26:32','2022-02-15 13:26:32'),(7378,139,3,'2022-02-15 13:26:32','2022-02-15 13:26:32'),(7379,140,3,'2022-02-15 13:26:32','2022-02-15 13:26:32'),(7380,51,3,'2022-02-15 13:26:32','2022-02-15 13:26:32'),(7381,54,3,'2022-02-15 13:26:32','2022-02-15 13:26:32'),(7382,55,3,'2022-02-15 13:26:32','2022-02-15 13:26:32'),(7383,87,3,'2022-02-15 13:26:32','2022-02-15 13:26:32'),(7384,88,3,'2022-02-15 13:26:32','2022-02-15 13:26:32'),(7385,89,3,'2022-02-15 13:26:32','2022-02-15 13:26:32'),(7386,97,3,'2022-02-15 13:26:32','2022-02-15 13:26:32'),(7387,68,3,'2022-02-15 13:26:32','2022-02-15 13:26:32'),(7388,72,3,'2022-02-15 13:26:32','2022-02-15 13:26:32'),(7389,82,3,'2022-02-15 13:26:32','2022-02-15 13:26:32'),(7390,4,3,'2022-02-15 13:26:32','2022-02-15 13:26:32'),(7391,53,3,'2022-02-15 13:26:32','2022-02-15 13:26:32'),(7392,5,3,'2022-02-15 13:26:32','2022-02-15 13:26:32'),(7393,69,3,'2022-02-15 13:26:32','2022-02-15 13:26:32'),(7845,1,1,'2022-03-08 12:15:16','2022-03-08 12:15:16'),(7846,12,1,'2022-03-08 12:15:16','2022-03-08 12:15:16'),(7847,13,1,'2022-03-08 12:15:16','2022-03-08 12:15:16'),(7848,24,1,'2022-03-08 12:15:16','2022-03-08 12:15:16'),(7849,26,1,'2022-03-08 12:15:16','2022-03-08 12:15:16'),(7850,83,1,'2022-03-08 12:15:16','2022-03-08 12:15:16'),(7851,84,1,'2022-03-08 12:15:16','2022-03-08 12:15:16'),(7852,85,1,'2022-03-08 12:15:16','2022-03-08 12:15:16'),(7853,104,1,'2022-03-08 12:15:16','2022-03-08 12:15:16'),(7854,112,1,'2022-03-08 12:15:16','2022-03-08 12:15:16'),(7855,113,1,'2022-03-08 12:15:16','2022-03-08 12:15:16'),(7856,131,1,'2022-03-08 12:15:16','2022-03-08 12:15:16'),(7857,132,1,'2022-03-08 12:15:16','2022-03-08 12:15:16'),(7858,133,1,'2022-03-08 12:15:16','2022-03-08 12:15:16'),(7859,134,1,'2022-03-08 12:15:16','2022-03-08 12:15:16'),(7860,135,1,'2022-03-08 12:15:16','2022-03-08 12:15:16'),(7861,136,1,'2022-03-08 12:15:16','2022-03-08 12:15:16'),(7862,137,1,'2022-03-08 12:15:16','2022-03-08 12:15:16'),(7863,139,1,'2022-03-08 12:15:16','2022-03-08 12:15:16'),(7864,140,1,'2022-03-08 12:15:16','2022-03-08 12:15:16'),(7865,2,1,'2022-03-08 12:15:16','2022-03-08 12:15:16'),(7866,8,1,'2022-03-08 12:15:16','2022-03-08 12:15:16'),(7867,27,1,'2022-03-08 12:15:16','2022-03-08 12:15:16'),(7868,28,1,'2022-03-08 12:15:16','2022-03-08 12:15:16'),(7869,98,1,'2022-03-08 12:15:16','2022-03-08 12:15:16'),(7870,99,1,'2022-03-08 12:15:16','2022-03-08 12:15:16'),(7871,100,1,'2022-03-08 12:15:16','2022-03-08 12:15:16'),(7872,101,1,'2022-03-08 12:15:16','2022-03-08 12:15:16'),(7873,102,1,'2022-03-08 12:15:16','2022-03-08 12:15:16'),(7874,103,1,'2022-03-08 12:15:16','2022-03-08 12:15:16'),(7875,142,1,'2022-03-08 12:15:16','2022-03-08 12:15:16'),(7876,93,1,'2022-03-08 12:15:16','2022-03-08 12:15:16'),(7877,129,1,'2022-03-08 12:15:16','2022-03-08 12:15:16'),(7878,141,1,'2022-03-08 12:15:16','2022-03-08 12:15:16'),(7879,29,1,'2022-03-08 12:15:16','2022-03-08 12:15:16'),(7880,31,1,'2022-03-08 12:15:16','2022-03-08 12:15:16'),(7881,32,1,'2022-03-08 12:15:16','2022-03-08 12:15:16'),(7882,33,1,'2022-03-08 12:15:16','2022-03-08 12:15:16'),(7883,34,1,'2022-03-08 12:15:16','2022-03-08 12:15:16'),(7884,35,1,'2022-03-08 12:15:16','2022-03-08 12:15:16'),(7885,73,1,'2022-03-08 12:15:16','2022-03-08 12:15:16'),(7886,95,1,'2022-03-08 12:15:16','2022-03-08 12:15:16'),(7887,96,1,'2022-03-08 12:15:16','2022-03-08 12:15:16'),(7888,4,1,'2022-03-08 12:15:16','2022-03-08 12:15:16'),(7889,51,1,'2022-03-08 12:15:16','2022-03-08 12:15:16'),(7890,53,1,'2022-03-08 12:15:16','2022-03-08 12:15:16'),(7891,54,1,'2022-03-08 12:15:16','2022-03-08 12:15:16'),(7892,55,1,'2022-03-08 12:15:16','2022-03-08 12:15:16'),(7893,87,1,'2022-03-08 12:15:16','2022-03-08 12:15:16'),(7894,88,1,'2022-03-08 12:15:16','2022-03-08 12:15:16'),(7895,89,1,'2022-03-08 12:15:16','2022-03-08 12:15:16'),(7896,97,1,'2022-03-08 12:15:16','2022-03-08 12:15:16'),(7897,94,1,'2022-03-08 12:15:16','2022-03-08 12:15:16'),(7898,90,1,'2022-03-08 12:15:16','2022-03-08 12:15:16'),(7899,91,1,'2022-03-08 12:15:16','2022-03-08 12:15:16'),(7900,130,1,'2022-03-08 12:15:16','2022-03-08 12:15:16'),(7901,138,1,'2022-03-08 12:15:16','2022-03-08 12:15:16'),(7902,5,1,'2022-03-08 12:15:16','2022-03-08 12:15:16'),(7903,68,1,'2022-03-08 12:15:16','2022-03-08 12:15:16'),(7904,69,1,'2022-03-08 12:15:16','2022-03-08 12:15:16'),(7905,72,1,'2022-03-08 12:15:16','2022-03-08 12:15:16'),(7906,82,1,'2022-03-08 12:15:16','2022-03-08 12:15:16'),(7907,118,1,'2022-03-08 12:15:16','2022-03-08 12:15:16'),(7908,119,1,'2022-03-08 12:15:16','2022-03-08 12:15:16'),(7909,120,1,'2022-03-08 12:15:16','2022-03-08 12:15:16'),(7910,121,1,'2022-03-08 12:15:16','2022-03-08 12:15:16'),(7911,6,1,'2022-03-08 12:15:16','2022-03-08 12:15:16'),(7912,36,1,'2022-03-08 12:15:16','2022-03-08 12:15:16'),(7913,37,1,'2022-03-08 12:15:16','2022-03-08 12:15:16'),(7914,60,1,'2022-03-08 12:15:16','2022-03-08 12:15:16'),(7915,56,1,'2022-03-08 12:15:16','2022-03-08 12:15:16'),(7916,57,1,'2022-03-08 12:15:16','2022-03-08 12:15:16'),(7917,58,1,'2022-03-08 12:15:16','2022-03-08 12:15:16'),(7918,59,1,'2022-03-08 12:15:16','2022-03-08 12:15:16'),(7919,86,1,'2022-03-08 12:15:16','2022-03-08 12:15:16'),(7920,92,1,'2022-03-08 12:15:16','2022-03-08 12:15:16'),(7921,41,1,'2022-03-08 12:15:16','2022-03-08 12:15:16'),(7922,47,1,'2022-03-08 12:15:16','2022-03-08 12:15:16'),(7923,48,1,'2022-03-08 12:15:16','2022-03-08 12:15:16'),(7924,49,1,'2022-03-08 12:15:16','2022-03-08 12:15:16'),(7925,50,1,'2022-03-08 12:15:16','2022-03-08 12:15:16'),(7926,39,1,'2022-03-08 12:15:16','2022-03-08 12:15:16'),(7927,43,1,'2022-03-08 12:15:16','2022-03-08 12:15:16'),(7928,44,1,'2022-03-08 12:15:16','2022-03-08 12:15:16'),(7929,45,1,'2022-03-08 12:15:16','2022-03-08 12:15:16'),(7930,46,1,'2022-03-08 12:15:16','2022-03-08 12:15:16'),(7931,143,1,'2022-03-08 12:15:16','2022-03-08 12:15:16'),(7932,144,1,'2022-03-08 12:15:16','2022-03-08 12:15:16'),(7933,145,1,'2022-03-08 12:15:16','2022-03-08 12:15:16'),(7934,146,1,'2022-03-08 12:15:16','2022-03-08 12:15:16'),(7935,147,1,'2022-03-08 12:15:16','2022-03-08 12:15:16'),(7936,148,1,'2022-03-08 12:15:16','2022-03-08 12:15:16'),(7937,7,1,'2022-03-08 12:15:16','2022-03-08 12:15:16'),(7938,10,1,'2022-03-08 12:15:16','2022-03-08 12:15:16'),(7939,11,1,'2022-03-08 12:15:16','2022-03-08 12:15:16'),(7940,14,1,'2022-03-08 12:15:16','2022-03-08 12:15:16'),(7941,21,1,'2022-03-08 12:15:16','2022-03-08 12:15:16'),(7942,22,1,'2022-03-08 12:15:16','2022-03-08 12:15:16'),(7943,23,1,'2022-03-08 12:15:16','2022-03-08 12:15:16'),(7944,15,1,'2022-03-08 12:15:16','2022-03-08 12:15:16'),(7945,17,1,'2022-03-08 12:15:16','2022-03-08 12:15:16'),(7946,18,1,'2022-03-08 12:15:16','2022-03-08 12:15:16'),(7947,19,1,'2022-03-08 12:15:16','2022-03-08 12:15:16'),(7948,20,1,'2022-03-08 12:15:16','2022-03-08 12:15:16'),(7949,25,1,'2022-03-08 12:15:16','2022-03-08 12:15:16'),(7950,16,1,'2022-03-08 12:15:16','2022-03-08 12:15:16'),(7951,65,1,'2022-03-08 12:15:16','2022-03-08 12:15:16'),(7952,66,1,'2022-03-08 12:15:16','2022-03-08 12:15:16'),(7953,114,1,'2022-03-08 12:15:16','2022-03-08 12:15:16'),(7954,115,1,'2022-03-08 12:15:16','2022-03-08 12:15:16'),(7955,67,1,'2022-03-08 12:15:16','2022-03-08 12:15:16'),(7956,116,1,'2022-03-08 12:15:16','2022-03-08 12:15:16'),(7957,117,1,'2022-03-08 12:15:16','2022-03-08 12:15:16'),(8025,1,4,'2022-05-15 10:45:34','2022-05-15 10:45:34'),(8026,12,4,'2022-05-15 10:45:34','2022-05-15 10:45:34'),(8027,13,4,'2022-05-15 10:45:34','2022-05-15 10:45:34'),(8028,24,4,'2022-05-15 10:45:34','2022-05-15 10:45:34'),(8029,26,4,'2022-05-15 10:45:34','2022-05-15 10:45:34'),(8030,83,4,'2022-05-15 10:45:34','2022-05-15 10:45:34'),(8031,84,4,'2022-05-15 10:45:34','2022-05-15 10:45:34'),(8032,85,4,'2022-05-15 10:45:34','2022-05-15 10:45:34'),(8033,104,4,'2022-05-15 10:45:34','2022-05-15 10:45:34'),(8034,112,4,'2022-05-15 10:45:34','2022-05-15 10:45:34'),(8035,113,4,'2022-05-15 10:45:34','2022-05-15 10:45:34'),(8036,131,4,'2022-05-15 10:45:34','2022-05-15 10:45:34'),(8037,132,4,'2022-05-15 10:45:34','2022-05-15 10:45:34'),(8038,133,4,'2022-05-15 10:45:34','2022-05-15 10:45:34'),(8039,134,4,'2022-05-15 10:45:34','2022-05-15 10:45:34'),(8040,135,4,'2022-05-15 10:45:34','2022-05-15 10:45:34'),(8041,136,4,'2022-05-15 10:45:34','2022-05-15 10:45:34'),(8042,137,4,'2022-05-15 10:45:34','2022-05-15 10:45:34'),(8043,139,4,'2022-05-15 10:45:34','2022-05-15 10:45:34'),(8044,140,4,'2022-05-15 10:45:34','2022-05-15 10:45:34'),(8045,4,4,'2022-05-15 10:45:34','2022-05-15 10:45:34'),(8046,51,4,'2022-05-15 10:45:34','2022-05-15 10:45:34'),(8047,53,4,'2022-05-15 10:45:34','2022-05-15 10:45:34'),(8048,54,4,'2022-05-15 10:45:34','2022-05-15 10:45:34'),(8049,55,4,'2022-05-15 10:45:34','2022-05-15 10:45:34'),(8050,87,4,'2022-05-15 10:45:34','2022-05-15 10:45:34'),(8051,88,4,'2022-05-15 10:45:34','2022-05-15 10:45:34'),(8052,89,4,'2022-05-15 10:45:34','2022-05-15 10:45:34'),(8053,97,4,'2022-05-15 10:45:34','2022-05-15 10:45:34'),(8054,94,4,'2022-05-15 10:45:34','2022-05-15 10:45:34'),(8055,90,4,'2022-05-15 10:45:34','2022-05-15 10:45:34'),(8056,91,4,'2022-05-15 10:45:34','2022-05-15 10:45:34'),(8057,130,4,'2022-05-15 10:45:34','2022-05-15 10:45:34'),(8058,138,4,'2022-05-15 10:45:34','2022-05-15 10:45:34'),(8059,72,4,'2022-05-15 10:45:34','2022-05-15 10:45:34'),(8060,82,4,'2022-05-15 10:45:34','2022-05-15 10:45:34'),(8061,60,4,'2022-05-15 10:45:34','2022-05-15 10:45:34'),(8062,56,4,'2022-05-15 10:45:34','2022-05-15 10:45:34'),(8063,57,4,'2022-05-15 10:45:34','2022-05-15 10:45:34'),(8064,58,4,'2022-05-15 10:45:34','2022-05-15 10:45:34'),(8065,59,4,'2022-05-15 10:45:34','2022-05-15 10:45:34'),(8066,86,4,'2022-05-15 10:45:34','2022-05-15 10:45:34'),(8067,92,4,'2022-05-15 10:45:34','2022-05-15 10:45:34'),(8068,5,4,'2022-05-15 10:45:34','2022-05-15 10:45:34'),(8069,69,4,'2022-05-15 10:45:34','2022-05-15 10:45:34'),(8070,6,4,'2022-05-15 10:45:34','2022-05-15 10:45:34'),(8071,37,4,'2022-05-15 10:45:34','2022-05-15 10:45:34');
/*!40000 ALTER TABLE `admin_role_menu` ENABLE KEYS */;
UNLOCK TABLES;

--
-- Table structure for table `std_agent`
--

DROP TABLE IF EXISTS `std_agent`;
/*!40101 SET @saved_cs_client     = @@character_set_client */;
/*!50503 SET character_set_client = utf8mb4 */;
CREATE TABLE `std_agent` (
  `id` bigint NOT NULL AUTO_INCREMENT COMMENT '编号',
  `channel_id` bigint DEFAULT '0' COMMENT '通道编号-&gt;std_channel.id',
  `owner_id` bigint DEFAULT '0' COMMENT '归属id',
  `parent_id` bigint DEFAULT '0' COMMENT '上级id',
  `status` bigint DEFAULT '0' COMMENT '状态',
  `user_id` bigint DEFAULT '0' COMMENT '用户编号-&gt;std_user.id',
  `rate` decimal(10,4) DEFAULT '0.0000' COMMENT '费率',
  `fee` decimal(10,0) DEFAULT '0' COMMENT '单笔费用',
  `updated_at` datetime DEFAULT NULL COMMENT '更新时间',
  `created_at` datetime DEFAULT NULL COMMENT '建创时间',
  PRIMARY KEY (`id`)
) ENGINE=InnoDB AUTO_INCREMENT=21 DEFAULT CHARSET=utf8mb4 COLLATE=utf8mb4_0900_ai_ci;
/*!40101 SET character_set_client = @saved_cs_client */;

--
-- Dumping data for table `std_agent`
--

LOCK TABLES `std_agent` WRITE;
/*!40000 ALTER TABLE `std_agent` DISABLE KEYS */;
INSERT INTO `std_agent` VALUES (13,1,0,0,0,46,0.0000,0,'2021-10-19 10:20:13','2021-10-19 10:20:13');
/*!40000 ALTER TABLE `std_agent` ENABLE KEYS */;
UNLOCK TABLES;

--
-- Table structure for table `std_alipay`
--

DROP TABLE IF EXISTS `std_alipay`;
/*!40101 SET @saved_cs_client     = @@character_set_client */;
/*!50503 SET character_set_client = utf8mb4 */;
CREATE TABLE `std_alipay` (
  `id` bigint NOT NULL AUTO_INCREMENT COMMENT '编号',
  `user_id` bigint DEFAULT '0' COMMENT '用户编号-&gt;std_user.id',
  `status` bigint DEFAULT '0' COMMENT '状态',
  `name` varchar(255) DEFAULT NULL COMMENT '姓名',
  `account` varchar(128) DEFAULT NULL COMMENT '账号',
  `desc` varchar(255) DEFAULT NULL COMMENT '描述',
  `round_id` bigint DEFAULT NULL COMMENT '轮训编号',
  `url` varchar(255) DEFAULT NULL COMMENT '二维码URL',
  `type` bigint DEFAULT '0' COMMENT '类型',
  `updated_at` datetime DEFAULT NULL COMMENT '更新时间',
  `created_at` datetime DEFAULT NULL COMMENT '创建时间',
  `loop` bigint DEFAULT '0' COMMENT '无限',
  `code` varchar(255) DEFAULT NULL COMMENT '编号',
  `max` decimal(10,2) DEFAULT '0.00' COMMENT '最大值',
  `min` decimal(10,2) DEFAULT '0.00' COMMENT '最小值',
  PRIMARY KEY (`id`)
) ENGINE=InnoDB AUTO_INCREMENT=3 DEFAULT CHARSET=utf8mb4 COLLATE=utf8mb4_0900_ai_ci;
/*!40101 SET character_set_client = @saved_cs_client */;

--
-- Dumping data for table `std_alipay`
--

LOCK TABLES `std_alipay` WRITE;
/*!40000 ALTER TABLE `std_alipay` DISABLE KEYS */;
/*!40000 ALTER TABLE `std_alipay` ENABLE KEYS */;
UNLOCK TABLES;

--
-- Table structure for table `std_balance`
--

DROP TABLE IF EXISTS `std_balance`;
/*!40101 SET @saved_cs_client     = @@character_set_client */;
/*!50503 SET character_set_client = utf8mb4 */;
CREATE TABLE `std_balance` (
  `id` bigint NOT NULL AUTO_INCREMENT COMMENT '编号',
  `user_id` bigint DEFAULT '0' COMMENT '用户编号-&gt;std_user.id',
  `status` bigint DEFAULT '0' COMMENT '状态',
  `refer_id` bigint DEFAULT '0' COMMENT '引用id',
  `type` bigint DEFAULT '0' COMMENT '类型',
  `before` decimal(18,6) DEFAULT '0.000000' COMMENT '变化前',
  `amount` decimal(18,6) DEFAULT '0.000000' COMMENT '金额',
  `after` decimal(18,6) DEFAULT '0.000000' COMMENT '变化后',
  `updated_at` datetime DEFAULT NULL COMMENT '更新时间',
  `created_at` datetime DEFAULT NULL COMMENT '建创时间',
  `desc` varchar(1024) DEFAULT NULL,
  PRIMARY KEY (`id`)
) ENGINE=InnoDB AUTO_INCREMENT=1075 DEFAULT CHARSET=utf8mb4 COLLATE=utf8mb4_0900_ai_ci;
/*!40101 SET character_set_client = @saved_cs_client */;

--
-- Dumping data for table `std_balance`
--

LOCK TABLES `std_balance` WRITE;
/*!40000 ALTER TABLE `std_balance` DISABLE KEYS */;
INSERT INTO `std_balance` VALUES (1074,20,1,745,5,200003798.000000,500.000000,200004298.000000,'2022-05-30 19:57:19','2022-05-30 19:57:19',NULL);
/*!40000 ALTER TABLE `std_balance` ENABLE KEYS */;
UNLOCK TABLES;

--
-- Table structure for table `std_bank`
--

DROP TABLE IF EXISTS `std_bank`;
/*!40101 SET @saved_cs_client     = @@character_set_client */;
/*!50503 SET character_set_client = utf8mb4 */;
CREATE TABLE `std_bank` (
  `id` bigint NOT NULL AUTO_INCREMENT COMMENT '编号',
  `name` varchar(128) DEFAULT NULL COMMENT '银行名称',
  `code` varchar(128) DEFAULT NULL COMMENT '简码',
  `updated_at` datetime DEFAULT NULL COMMENT '更新时间',
  `created_at` datetime DEFAULT NULL COMMENT '建创时间',
  `version` varchar(128) DEFAULT NULL COMMENT 'App版本号',
  `status` bigint DEFAULT NULL COMMENT '状态',
  PRIMARY KEY (`id`)
) ENGINE=InnoDB AUTO_INCREMENT=9 DEFAULT CHARSET=utf8mb4 COLLATE=utf8mb4_0900_ai_ci;
/*!40101 SET character_set_client = @saved_cs_client */;

--
-- Dumping data for table `std_bank`
--

LOCK TABLES `std_bank` WRITE;
/*!40000 ALTER TABLE `std_bank` DISABLE KEYS */;
INSERT INTO `std_bank` VALUES (1,'建设银行','CCB','2021-08-31 21:13:25','2021-08-31 21:13:25','0.0.1',1),(2,'中国银行','BOC','2021-09-01 10:37:38','2021-08-31 21:14:00','0.0.1',1),(3,'工商银行','ICBC','2021-08-31 21:31:49','2021-08-31 21:14:25','0.0.1',1),(4,'农业银行','ABC','2021-09-01 10:37:48','2021-08-31 21:16:40','0.0.1',1),(5,'招商','CMB','2021-11-01 14:02:35','2021-11-01 14:02:35','1',1),(6,'平安','PAB','2021-11-01 14:02:57','2021-11-01 14:02:57','1',1),(7,'支付宝','ALIPAY','2022-05-24 20:03:42','2022-05-24 20:03:42',NULL,1),(8,'聚合码','GM','2022-09-02 20:19:03','2022-09-02 20:19:03',NULL,1);
/*!40000 ALTER TABLE `std_bank` ENABLE KEYS */;
UNLOCK TABLES;

--
-- Table structure for table `std_bank_card`
--

DROP TABLE IF EXISTS `std_bank_card`;
/*!40101 SET @saved_cs_client     = @@character_set_client */;
/*!50503 SET character_set_client = utf8mb4 */;
CREATE TABLE `std_bank_card` (
  `id` bigint NOT NULL AUTO_INCREMENT COMMENT '编号',
  `user_id` bigint DEFAULT '0' COMMENT '用户编号-&gt;std_user.id',
  `status` bigint DEFAULT '0' COMMENT '状态',
  `max` bigint DEFAULT '0' COMMENT '最大金额',
  `min` bigint DEFAULT '0' COMMENT '最小金额',
  `round_id` bigint DEFAULT '0' COMMENT '轮训编号',
  `bank_id` bigint DEFAULT '0' COMMENT '银行编号-&gt;std_bank.id',
  `type` bigint DEFAULT '0' COMMENT '卡片类型',
  `name` varchar(64) DEFAULT NULL COMMENT '卡片姓名',
  `code` varchar(128) DEFAULT NULL COMMENT '银行卡号',
  `login_pwd` varchar(64) DEFAULT NULL COMMENT '登录密码',
  `tran_pwd` varchar(64) DEFAULT NULL COMMENT '支付密码',
  `device_id` varchar(128) DEFAULT NULL,
  `updated_at` datetime DEFAULT NULL COMMENT '更新时间',
  `created_at` datetime DEFAULT NULL COMMENT '建创时间',
  `balance` decimal(10,2) DEFAULT '0.00' COMMENT '卡片实际余额',
  `total` bigint DEFAULT '0' COMMENT '转账次数',
  `refer_id` bigint DEFAULT '0',
  `mobile` varchar(64) DEFAULT NULL,
  `mode` bigint DEFAULT '0',
  `desc` varchar(512) DEFAULT NULL,
  `run` bigint DEFAULT '0',
  `expire_at` datetime DEFAULT NULL,
  `biz` bigint DEFAULT '0',
  `limit_count` bigint DEFAULT '0',
  `url` varchar(2048) DEFAULT NULL,
  PRIMARY KEY (`id`)
) ENGINE=InnoDB AUTO_INCREMENT=79 DEFAULT CHARSET=utf8mb4 COLLATE=utf8mb4_0900_ai_ci;
/*!40101 SET character_set_client = @saved_cs_client */;

--
-- Dumping data for table `std_bank_card`
--

LOCK TABLES `std_bank_card` WRITE;
/*!40000 ALTER TABLE `std_bank_card` DISABLE KEYS */;
INSERT INTO `std_bank_card` VALUES (74,94,1,80000,0,1,1,1,'王强','122323123123123123',NULL,NULL,NULL,'2022-05-24 20:06:49','2022-05-24 20:05:43',0.00,0,0,NULL,1,NULL,0,'2022-05-24 20:13:43',2,15,NULL),(75,95,1,80000,0,2,NULL,1,'wxhb','wxhb',NULL,NULL,NULL,'2022-05-25 20:30:49','2022-05-25 20:22:59',0.00,0,0,NULL,1,NULL,0,'2022-05-25 20:30:59',8,15,NULL),(76,96,1,80000,0,4,NULL,1,'234','234234',NULL,NULL,NULL,'2022-05-30 19:57:19','2022-05-26 23:31:04',0.00,0,0,NULL,1,'234',0,'2022-05-30 19:56:57',8,14,NULL),(77,97,1,80000,0,5,1,1,'测试','13123123123123123',NULL,NULL,NULL,'2022-07-08 18:34:36','2022-07-08 18:34:32',0.00,0,0,NULL,1,NULL,0,'2022-07-08 18:42:32',2,15,NULL),(78,99,1,80000,0,10,7,1,'测式','331231231',NULL,NULL,NULL,'2022-09-02 20:04:37','2022-09-02 15:44:55',0.00,0,0,'',1,'23423',0,'2022-09-02 20:12:37',10,18,'cmlwgpq5xrb6zksixk.png');
/*!40000 ALTER TABLE `std_bank_card` ENABLE KEYS */;
UNLOCK TABLES;

--
-- Table structure for table `std_bind`
--

DROP TABLE IF EXISTS `std_bind`;
/*!40101 SET @saved_cs_client     = @@character_set_client */;
/*!50503 SET character_set_client = utf8mb4 */;
CREATE TABLE `std_bind` (
  `id` bigint NOT NULL AUTO_INCREMENT COMMENT '编号',
  `user_id` bigint DEFAULT NULL,
  `biz_id` bigint DEFAULT NULL,
  `name` varchar(255) DEFAULT NULL COMMENT '参数',
  `updated_at` datetime DEFAULT NULL COMMENT '更新时间',
  `created_at` datetime DEFAULT NULL COMMENT '创建时间',
  PRIMARY KEY (`id`)
) ENGINE=InnoDB AUTO_INCREMENT=37 DEFAULT CHARSET=utf8mb4 COLLATE=utf8mb4_0900_ai_ci;
/*!40101 SET character_set_client = @saved_cs_client */;

--
-- Dumping data for table `std_bind`
--

LOCK TABLES `std_bind` WRITE;
/*!40000 ALTER TABLE `std_bind` DISABLE KEYS */;
INSERT INTO `std_bind` VALUES (21,61,60,'1112312','2021-12-12 10:50:54','2021-12-12 10:50:54'),(22,61,14,'ks-test','2021-12-12 10:50:54','2021-12-12 10:50:54');
/*!40000 ALTER TABLE `std_bind` ENABLE KEYS */;
UNLOCK TABLES;

--
-- Table structure for table `std_chain`
--

DROP TABLE IF EXISTS `std_chain`;
/*!40101 SET @saved_cs_client     = @@character_set_client */;
/*!50503 SET character_set_client = utf8mb4 */;
CREATE TABLE `std_chain` (
  `id` bigint NOT NULL AUTO_INCREMENT COMMENT '编号',
  `user_id` bigint DEFAULT '0' COMMENT '用户编号-&gt;std_user.id',
  `channel_id` bigint DEFAULT '0' COMMENT '通道编号-&gt;std_channel.id',
  `max` bigint DEFAULT '0' COMMENT '最大下单金额',
  `min` bigint DEFAULT '0' COMMENT '最小下单金额',
  `fee` decimal(10,5) DEFAULT NULL,
  `rate` decimal(9,3) DEFAULT '0.000' COMMENT '通道费率',
  `update_at` datetime DEFAULT NULL COMMENT '更新时间',
  `create_at` datetime DEFAULT NULL COMMENT '创建时间',
  `ks` varchar(2048) DEFAULT NULL,
  PRIMARY KEY (`id`)
) ENGINE=InnoDB AUTO_INCREMENT=60 DEFAULT CHARSET=utf8mb4 COLLATE=utf8mb4_0900_ai_ci;
/*!40101 SET character_set_client = @saved_cs_client */;

--
-- Dumping data for table `std_chain`
--

LOCK TABLES `std_chain` WRITE;
/*!40000 ALTER TABLE `std_chain` DISABLE KEYS */;
INSERT INTO `std_chain` VALUES (10,20,9,10000,1,0.00000,0.000,'2022-09-02 15:36:52','2022-09-02 15:36:52','[93]'),(11,35,1,1,1,1.00000,0.008,'2021-04-10 17:44:28','2021-04-10 17:44:28',NULL),(12,36,1,1000,1,1.00000,0.006,'2021-04-12 22:43:39','2021-04-12 22:43:39',NULL),(13,36,2,1000,1,1.00000,0.006,'2021-04-12 22:43:39','2021-04-12 22:43:39',NULL),(15,38,2,1,1,0.00200,0.002,'2021-08-26 11:21:51','2021-08-26 11:21:51',NULL),(19,20,1,10000,1,2.00000,0.000,'2022-09-02 15:36:52','2022-09-02 15:36:52',''),(22,42,1,10000,1,1.00000,0.010,'2021-10-14 20:42:31','2021-10-14 20:42:31',NULL),(23,25,1,50000,1,1.00000,0.010,'2021-10-19 10:29:55','2021-10-19 10:29:55',NULL),(24,14,1,10000,1,0.00000,0.000,'2022-03-06 16:59:15','2022-03-06 16:59:15',NULL),(25,14,5,10000,1,0.00000,0.000,'2022-03-06 16:59:15','2022-03-06 16:59:15',NULL),(27,44,1,50000,1,1.00000,0.001,'2021-10-19 10:51:57','2021-10-19 10:51:57',NULL),(28,46,1,1,1,1.00000,1.000,'2021-10-19 10:21:44','2021-10-19 10:21:44',NULL),(29,20,2,10000,1,0.00000,0.090,'2022-09-02 15:36:52','2022-09-02 15:36:52','[97]'),(30,20,5,10000,1,0.00000,0.090,'2022-09-02 15:36:52','2022-09-02 15:36:52','[88]'),(31,61,1,10000,1,0.00000,0.000,'2021-12-11 11:59:58','2021-12-11 11:59:58',NULL),(40,60,1,50000,1,2.00000,0.000,'2022-01-21 15:08:52','2022-01-21 15:08:52',NULL),(41,60,2,50000,1,0.00000,0.004,'2022-01-21 15:08:52','2022-01-21 15:08:52',NULL),(45,67,5,0,0,0.00000,0.000,'2022-02-18 09:19:54','2022-02-18 09:19:54',NULL),(46,71,5,1,1,0.00000,0.050,'2022-02-18 18:25:43','2022-02-18 18:25:43',NULL),(47,70,5,1,1,0.00000,0.060,'2022-02-18 19:16:57','2022-02-18 19:16:57',NULL),(48,72,5,50000,1,0.00000,0.000,'2022-03-06 15:55:21','2022-03-06 15:55:21',NULL),(49,73,5,50000,1,0.00000,0.000,'2022-03-06 21:51:26','2022-03-06 21:51:26',NULL),(50,73,1,50000,1,0.00000,0.000,'2022-03-06 21:51:26','2022-03-06 21:51:26',NULL),(52,88,4,1,1,1.00000,1.000,'2022-03-11 11:41:56','2022-03-11 11:41:56',NULL),(53,20,8,10000,1,0.00000,0.000,'2022-09-02 15:36:52','2022-09-02 15:36:52','[96]'),(54,20,10,50000,1,0.00000,0.000,'2022-09-02 16:02:42','2022-09-02 15:36:52','[99]');
/*!40000 ALTER TABLE `std_chain` ENABLE KEYS */;
UNLOCK TABLES;

--
-- Table structure for table `std_channel`
--

DROP TABLE IF EXISTS `std_channel`;
/*!40101 SET @saved_cs_client     = @@character_set_client */;
/*!50503 SET character_set_client = utf8mb4 */;
CREATE TABLE `std_channel` (
  `id` bigint NOT NULL AUTO_INCREMENT COMMENT '编号',
  `status` bigint DEFAULT NULL COMMENT '状态',
  `name` varchar(128) DEFAULT NULL COMMENT '名称',
  `updated_at` datetime DEFAULT NULL COMMENT '更新时间',
  `created_at` datetime DEFAULT NULL COMMENT '创建时间',
  `random` bigint DEFAULT '0',
  `type` bigint DEFAULT '0',
  `rate` decimal(10,5) DEFAULT '0.00000',
  `ip` varchar(1048) DEFAULT NULL,
  `url` varchar(5048) DEFAULT NULL,
  `mchid` varchar(128) DEFAULT NULL,
  `secret` varchar(1048) DEFAULT NULL,
  `amount` varchar(512) DEFAULT NULL,
  PRIMARY KEY (`id`)
) ENGINE=InnoDB AUTO_INCREMENT=11 DEFAULT CHARSET=utf8mb4 COLLATE=utf8mb4_0900_ai_ci;
/*!40101 SET character_set_client = @saved_cs_client */;

--
-- Dumping data for table `std_channel`
--

LOCK TABLES `std_channel` WRITE;
/*!40000 ALTER TABLE `std_channel` DISABLE KEYS */;
INSERT INTO `std_channel` VALUES (1,1,'代付','2021-11-21 18:32:20','2021-03-27 21:59:00',1,2,1.00000,'3','2','3','2',NULL),(2,1,'银行卡','2022-05-24 20:05:01','2021-03-27 21:59:08',1,1,1.00000,'','','','',NULL),(3,2,'USDT','2022-03-09 10:18:37','2021-04-15 20:31:43',1,1,1.00000,'','','','',NULL),(4,1,'支付宝零钱','2022-03-09 09:59:30','2021-11-19 19:55:56',1,1,1.00000,'','','','',NULL),(5,1,'支付宝转账','2022-03-09 09:59:45','2021-11-21 13:53:19',1,1,1.00000,'','','','',NULL),(6,1,'支付宝口令','2022-03-20 11:17:29','2022-03-20 11:17:29',1,0,0.00000,NULL,NULL,NULL,NULL,NULL),(7,1,'微信口令','2022-05-15 11:06:16','2022-05-13 19:25:08',2,0,0.00000,NULL,NULL,NULL,NULL,'100,200,500'),(8,1,'微信红包','2022-05-25 20:20:59','2022-05-25 20:20:59',1,0,0.00000,NULL,NULL,NULL,NULL,NULL),(9,1,'adapay','2022-08-19 14:53:52','2022-08-19 14:53:52',1,0,0.00000,NULL,NULL,NULL,NULL,NULL),(10,1,'挂码','2022-09-02 16:00:53','2022-09-02 15:36:15',2,0,0.00000,NULL,NULL,NULL,NULL,NULL);
/*!40000 ALTER TABLE `std_channel` ENABLE KEYS */;
UNLOCK TABLES;

--
-- Table structure for table `std_device`
--

DROP TABLE IF EXISTS `std_device`;
/*!40101 SET @saved_cs_client     = @@character_set_client */;
/*!50503 SET character_set_client = utf8mb4 */;
CREATE TABLE `std_device` (
  `id` bigint NOT NULL AUTO_INCREMENT COMMENT '手机设备',
  `user_id` bigint DEFAULT '0' COMMENT '用户编号-&gt;std_user.id',
  `status` bigint DEFAULT '0' COMMENT '状态',
  `updated_at` datetime DEFAULT NULL COMMENT '更新时间',
  `created_at` datetime DEFAULT NULL COMMENT '建创时间',
  `uuid` varchar(128) DEFAULT NULL COMMENT '设备硬件编号',
  `name` varchar(128) DEFAULT NULL COMMENT '设备别名',
  `rate` bigint DEFAULT NULL COMMENT '接单频率',
  `desc` varchar(255) DEFAULT NULL COMMENT '描述',
  PRIMARY KEY (`id`)
) ENGINE=InnoDB AUTO_INCREMENT=2 DEFAULT CHARSET=utf8mb4 COLLATE=utf8mb4_0900_ai_ci;
/*!40101 SET character_set_client = @saved_cs_client */;

--
-- Dumping data for table `std_device`
--

LOCK TABLES `std_device` WRITE;
/*!40000 ALTER TABLE `std_device` DISABLE KEYS */;
/*!40000 ALTER TABLE `std_device` ENABLE KEYS */;
UNLOCK TABLES;

--
-- Table structure for table `std_member`
--

DROP TABLE IF EXISTS `std_member`;
/*!40101 SET @saved_cs_client     = @@character_set_client */;
/*!50503 SET character_set_client = utf8mb4 */;
CREATE TABLE `std_member` (
  `id` bigint NOT NULL AUTO_INCREMENT COMMENT 'id',
  `name` varchar(128) DEFAULT NULL COMMENT '商户名',
  `status` bigint DEFAULT NULL COMMENT '状态',
  `user_id` bigint DEFAULT NULL COMMENT '用户归属-&gt;std_user.id',
  `secret` varchar(255) DEFAULT NULL COMMENT '商户密钥',
  `whitelist` varchar(5018) DEFAULT NULL,
  `updated_at` datetime DEFAULT NULL COMMENT '更新时间',
  `created_at` datetime DEFAULT NULL COMMENT '创建时间',
  `desc` varchar(255) DEFAULT NULL COMMENT '描述',
  `refer_id` bigint DEFAULT NULL COMMENT '代理编号-&gt;std_user.id',
  `auth_ip` bigint DEFAULT '0',
  `channel_in` bigint DEFAULT '0',
  `channel_mod` bigint DEFAULT '0',
  `channel_out` bigint DEFAULT '0',
  `ks` varchar(1024) DEFAULT NULL,
  PRIMARY KEY (`id`)
) ENGINE=InnoDB AUTO_INCREMENT=28 DEFAULT CHARSET=utf8mb4 COLLATE=utf8mb4_0900_ai_ci;
/*!40101 SET character_set_client = @saved_cs_client */;

--
-- Dumping data for table `std_member`
--

LOCK TABLES `std_member` WRITE;
/*!40000 ALTER TABLE `std_member` DISABLE KEYS */;
INSERT INTO `std_member` VALUES (1,'测试商户',1,20,'b983cb5c-6c00-4f18-873f-e328fbda724c','192.168.3.6','2022-03-09 11:30:13','2021-03-27 09:29:16',NULL,0,2,10002,1,10001,'[74,75,76,85]'),(25,NULL,1,73,'466c8a55-9f70-42ab-859a-7f49bc03ad69',NULL,'2022-03-09 11:03:39','2022-03-06 15:58:30',NULL,0,2,NULL,1,NULL,'[75,76]'),(26,NULL,1,90,'ee03ad4a-064f-4306-8fc6-667ffd1a74fc',NULL,'2022-03-21 09:23:20','2022-03-21 09:23:20',NULL,0,2,NULL,1,NULL,NULL),(27,NULL,1,98,'f256b084-752a-45a3-8366-37edc0ca9715',NULL,'2022-07-15 11:31:36','2022-07-15 11:31:36',NULL,0,2,123,1,12312,NULL);
/*!40000 ALTER TABLE `std_member` ENABLE KEYS */;
UNLOCK TABLES;

--
-- Table structure for table `std_order`
--

DROP TABLE IF EXISTS `std_order`;
/*!40101 SET @saved_cs_client     = @@character_set_client */;
/*!50503 SET character_set_client = utf8mb4 */;
CREATE TABLE `std_order` (
  `id` bigint NOT NULL AUTO_INCREMENT COMMENT '主键',
  `channel_id` bigint DEFAULT '0' COMMENT '通道ID',
  `type` bigint DEFAULT '0' COMMENT '订单类型',
  `status` bigint DEFAULT '0' COMMENT '订单状态',
  `upload` bigint DEFAULT '0' COMMENT '凭证上传',
  `amount` decimal(10,2) DEFAULT '0.00' COMMENT '订单金额',
  `agency` decimal(10,4) DEFAULT '0.0000',
  `fee` decimal(10,2) DEFAULT '0.00' COMMENT '手续费',
  `agent_id` bigint DEFAULT '0' COMMENT '代理编号->std_agent.id',
  `user_id` bigint DEFAULT '0' COMMENT '订单属于用户',
  `out_trade_no` varchar(64) NOT NULL COMMENT '商户订单ID',
  `notify_url` varchar(255) DEFAULT NULL COMMENT '回调地址',
  `updated_at` datetime DEFAULT NULL COMMENT '更新时间',
  `created_at` datetime DEFAULT NULL COMMENT '创建时间',
  `expire_at` datetime DEFAULT NULL COMMENT '过期时间',
  `pay_time` datetime DEFAULT NULL COMMENT '支时间',
  `pay_name` varchar(64) DEFAULT NULL COMMENT '付款人性名',
  `notify_count` bigint DEFAULT '0' COMMENT '回调通知次数',
  `pay_account` varchar(128) DEFAULT NULL COMMENT '付款账号',
  `refund_at` datetime DEFAULT NULL COMMENT '退款时间',
  `desc` varchar(255) DEFAULT NULL COMMENT '备注',
  `receive_name` varchar(64) DEFAULT NULL COMMENT '收款人姓名',
  `receive_account` varchar(64) DEFAULT NULL COMMENT '收款账号',
  `receive_bank` varchar(64) DEFAULT NULL COMMENT '收款银行',
  `client_id` bigint DEFAULT '0' COMMENT '卡商编号->std_user.id',
  `card_id` bigint DEFAULT '0' COMMENT '银行卡编号->std_bank_card.id',
  `item_id` bigint DEFAULT '0',
  `cny` decimal(10,5) DEFAULT '0.00000',
  `hash_id` varchar(512) DEFAULT NULL,
  `ksfee` decimal(10,5) DEFAULT '0.00000',
  `cert` varchar(5048) DEFAULT NULL,
  `client_fee` decimal(10,5) DEFAULT '0.00000',
  PRIMARY KEY (`id`),
  UNIQUE KEY `out_trade_no` (`out_trade_no`)
) ENGINE=InnoDB AUTO_INCREMENT=752 DEFAULT CHARSET=utf8mb4 COLLATE=utf8mb4_0900_ai_ci;
/*!40101 SET character_set_client = @saved_cs_client */;

--
-- Dumping data for table `std_order`
--

LOCK TABLES `std_order` WRITE;
/*!40000 ALTER TABLE `std_order` DISABLE KEYS */;
INSERT INTO `std_order` VALUES (750,10,2,1,0,500.00,0.0000,0.00,0,20,'f3fe82dc4443333333','http://192.168.3.189:8080/pub/account/test','2022-09-02 16:02:19','2022-09-02 16:02:19','2022-09-02 16:12:19',NULL,'张江',0,NULL,NULL,'下单成功',NULL,NULL,NULL,99,78,0,0.00000,NULL,0.00000,NULL,0.00000),(751,10,2,1,0,499.99,0.0000,0.00,0,20,'f333333','http://192.168.3.189:8080/pub/account/test','2022-09-02 16:02:42','2022-09-02 16:02:42','2022-09-02 16:12:42',NULL,'张江',0,NULL,NULL,'下单成功',NULL,NULL,NULL,99,78,0,0.00000,NULL,0.00000,NULL,0.00000);
/*!40000 ALTER TABLE `std_order` ENABLE KEYS */;
UNLOCK TABLES;

--
-- Table structure for table `std_recharge`
--

DROP TABLE IF EXISTS `std_recharge`;
/*!40101 SET @saved_cs_client     = @@character_set_client */;
/*!50503 SET character_set_client = utf8mb4 */;
CREATE TABLE `std_recharge` (
  `id` bigint NOT NULL AUTO_INCREMENT COMMENT '编号',
  `user_id` bigint DEFAULT '0' COMMENT '用户编号-&gt;std_user.id',
  `status` bigint DEFAULT '0' COMMENT '状态',
  `upload` varchar(255) DEFAULT NULL COMMENT '凭证地址',
  `bank_id` bigint DEFAULT '0' COMMENT '银行卡编号-&gt;std_bank_card.id',
  `amount` decimal(10,2) DEFAULT '0.00' COMMENT '金额',
  `bill_id` bigint DEFAULT '0' COMMENT '账单编号-&gt;std_biil.id',
  `updated_at` datetime DEFAULT NULL COMMENT '更新时间',
  `created_at` datetime DEFAULT NULL COMMENT '建创时间',
  `auth_id` bigint DEFAULT '0' COMMENT '审核者编号-&gt;std_user.id',
  PRIMARY KEY (`id`)
) ENGINE=InnoDB AUTO_INCREMENT=2 DEFAULT CHARSET=utf8mb4 COLLATE=utf8mb4_0900_ai_ci;
/*!40101 SET character_set_client = @saved_cs_client */;

--
-- Dumping data for table `std_recharge`
--

LOCK TABLES `std_recharge` WRITE;
/*!40000 ALTER TABLE `std_recharge` DISABLE KEYS */;
/*!40000 ALTER TABLE `std_recharge` ENABLE KEYS */;
UNLOCK TABLES;

--
-- Table structure for table `std_spider`
--

DROP TABLE IF EXISTS `std_spider`;
/*!40101 SET @saved_cs_client     = @@character_set_client */;
/*!50503 SET character_set_client = utf8mb4 */;
CREATE TABLE `std_spider` (
  `id` bigint NOT NULL AUTO_INCREMENT COMMENT '编号',
  `type` bigint DEFAULT NULL COMMENT '类型',
  `order_no` varchar(64) DEFAULT NULL COMMENT '订单编号',
  `order_status` varchar(64) DEFAULT NULL COMMENT '订单状态',
  `order_goods` varchar(32) DEFAULT NULL COMMENT '商品名称',
  `order_price` decimal(10,2) DEFAULT NULL COMMENT '商品单价',
  `order_count` bigint DEFAULT NULL COMMENT '商品数量',
  `order_amount` decimal(10,2) DEFAULT NULL COMMENT '订单总价',
  `order_info_area` varchar(32) DEFAULT NULL COMMENT '所在区/服',
  `order_info_accno` varchar(32) DEFAULT NULL COMMENT '账号',
  `order_info_remark` varchar(32) DEFAULT NULL COMMENT '备注',
  `order_reamrk` varchar(32) DEFAULT NULL COMMENT '订单备注',
  `order_create_time` datetime DEFAULT NULL COMMENT '创建时间',
  `order_pay_time` datetime DEFAULT NULL COMMENT '支付时间',
  `order_finish_time` datetime DEFAULT NULL COMMENT '发货时间',
  `updated_at` datetime DEFAULT NULL COMMENT '更新时间',
  `created_at` datetime DEFAULT NULL COMMENT '建创时间',
  PRIMARY KEY (`id`)
) ENGINE=InnoDB DEFAULT CHARSET=utf8mb4 COLLATE=utf8mb4_0900_ai_ci;
/*!40101 SET character_set_client = @saved_cs_client */;

--
-- Dumping data for table `std_spider`
--

LOCK TABLES `std_spider` WRITE;
/*!40000 ALTER TABLE `std_spider` DISABLE KEYS */;
/*!40000 ALTER TABLE `std_spider` ENABLE KEYS */;
UNLOCK TABLES;

--
-- Table structure for table `std_system_log`
--

DROP TABLE IF EXISTS `std_system_log`;
/*!40101 SET @saved_cs_client     = @@character_set_client */;
/*!50503 SET character_set_client = utf8mb4 */;
CREATE TABLE `std_system_log` (
  `id` bigint NOT NULL AUTO_INCREMENT COMMENT '编号',
  `type` bigint DEFAULT NULL COMMENT '类型',
  `user_id` bigint DEFAULT NULL COMMENT '用户编号-&gt;std_user.id',
  `refer_id` varchar(64) DEFAULT NULL COMMENT '引用id',
  `client_ip` varchar(32) DEFAULT NULL COMMENT '操作IP',
  `updated_at` datetime DEFAULT NULL COMMENT '更新时间',
  `created_at` datetime DEFAULT NULL COMMENT '建创时间',
  `title` varchar(255) DEFAULT NULL COMMENT '标题',
  `desc` varchar(255) DEFAULT NULL COMMENT '描述',
  PRIMARY KEY (`id`)
) ENGINE=InnoDB AUTO_INCREMENT=261 DEFAULT CHARSET=utf8mb4 COLLATE=utf8mb4_0900_ai_ci;
/*!40101 SET character_set_client = @saved_cs_client */;

--
-- Dumping data for table `std_system_log`
--

LOCK TABLES `std_system_log` WRITE;
/*!40000 ALTER TABLE `std_system_log` DISABLE KEYS */;
INSERT INTO `std_system_log` VALUES (133,NULL,28,'1fb5072e3b77b5ac457f5189c740ba76','192.168.3.6','2021-11-26 13:39:55','2021-11-26 13:39:55','订单驳回','人工操作'),(134,NULL,28,'3cd43171b5a59dbb822794df0dca627e','192.168.3.6','2021-11-26 14:43:41','2021-11-26 14:43:41','订单回调','人工操作'),(135,NULL,28,'3cd43171b5a59dbb822794df0dca627e','192.168.3.6','2021-11-26 14:44:41','2021-11-26 14:44:41','订单驳回','人工操作'),(136,NULL,28,'21897daf1ad9c395224c28f82b1a3bd3','192.168.3.6','2021-11-26 14:46:39','2021-11-26 14:46:39','订单驳回','人工操作'),(137,NULL,28,'4fbc13dbe4b9d200567774e19f408365','192.168.3.6','2021-11-26 15:28:56','2021-11-26 15:28:56','订单回调','人工操作'),(138,NULL,28,'T1000274211333','192.168.3.6','2021-12-02 10:58:25','2021-12-02 10:58:25','订单驳回','人工操作'),(139,NULL,28,'T1000274211333','192.168.3.6','2021-12-10 12:28:49','2021-12-10 12:28:49','订单回调','人工操作'),(140,NULL,28,'T1000274211333','192.168.3.6','2021-12-10 12:29:01','2021-12-10 12:29:01','订单驳回','人工操作'),(141,NULL,28,'T1000274211333','192.168.3.6','2021-12-10 12:30:46','2021-12-10 12:30:46','订单驳回','人工操作'),(142,NULL,14,'23413123','192.168.3.6','2022-01-04 06:36:56','2022-01-04 06:36:56','订单回调','人工操作'),(143,NULL,1,'23413123','192.168.3.6','2022-01-09 20:24:24','2022-01-09 20:24:24','订单回调','人工操作'),(144,NULL,1,'23413123','192.168.3.6','2022-01-09 20:34:34','2022-01-09 20:34:34','订单回调','人工操作'),(145,NULL,1,'23413123','192.168.3.6','2022-01-09 20:39:23','2022-01-09 20:39:23','订单回调','人工操作'),(146,NULL,1,'23413123','192.168.3.6','2022-01-09 20:40:43','2022-01-09 20:40:43','订单回调','人工操作'),(147,NULL,1,'23413123','192.168.3.6','2022-01-09 20:43:59','2022-01-09 20:43:59','订单驳回','人工操作'),(148,NULL,1,'23413123','192.168.3.6','2022-01-10 13:03:34','2022-01-10 13:03:34','订单回调','人工操作'),(149,NULL,1,'23413123','192.168.3.6','2022-01-10 13:04:04','2022-01-10 13:04:04','订单驳回','人工操作'),(150,NULL,1,'T1000274213','192.168.3.6','2022-01-10 13:06:53','2022-01-10 13:06:53','订单驳回','人工操作'),(151,NULL,28,'T1000274213','192.168.3.6','2022-01-16 15:02:51','2022-01-16 15:02:51','订单回调','人工操作'),(152,NULL,28,'T1000274213','192.168.3.6','2022-01-16 15:03:51','2022-01-16 15:03:51','订单驳回','人工操作'),(153,NULL,14,'23413123','192.168.3.6','2022-01-20 22:41:35','2022-01-20 22:41:35','订单回调','人工操作'),(154,NULL,28,'23413123','192.168.3.6','2022-01-24 11:39:07','2022-01-24 11:39:07','订单回调','人工操作'),(155,NULL,14,'65681918945312','192.168.3.6','2022-02-16 21:34:18','2022-02-16 21:34:18','订单回调','人工操作'),(156,NULL,28,'23413123','192.168.3.6','2022-02-16 21:54:30','2022-02-16 21:54:30','订单回调','人工操作'),(157,NULL,28,'23413123','192.168.3.6','2022-02-19 12:22:29','2022-02-19 12:22:29','订单回调','人工操作'),(158,NULL,28,'23413123','192.168.3.6','2022-02-19 12:25:17','2022-02-19 12:25:17','订单回调','人工操作'),(159,NULL,28,'23413123','192.168.3.6','2022-02-19 12:27:06','2022-02-19 12:27:06','订单回调','人工操作'),(160,NULL,28,'23413123','192.168.3.6','2022-02-19 12:30:24','2022-02-19 12:30:24','订单回调','人工操作'),(161,NULL,28,'23413123','192.168.3.6','2022-02-19 12:31:49','2022-02-19 12:31:49','订单回调','人工操作'),(162,NULL,28,'23413123','192.168.3.6','2022-02-19 12:33:38','2022-02-19 12:33:38','订单回调','人工操作'),(163,NULL,28,'23413123','192.168.3.6','2022-02-19 12:41:07','2022-02-19 12:41:07','订单回调','人工操作'),(164,NULL,28,'23413123','192.168.3.6','2022-02-19 12:44:41','2022-02-19 12:44:41','订单回调','人工操作'),(165,NULL,28,'23413123','192.168.3.6','2022-02-19 12:56:02','2022-02-19 12:56:02','订单回调','人工操作'),(166,NULL,28,'23413123','192.168.3.6','2022-02-19 12:56:36','2022-02-19 12:56:36','订单回调','人工操作'),(167,NULL,28,'23413123','192.168.3.6','2022-02-19 12:58:44','2022-02-19 12:58:44','订单回调','人工操作'),(168,NULL,28,'23413123','192.168.3.6','2022-02-19 13:02:09','2022-02-19 13:02:09','订单回调','人工操作'),(169,NULL,28,'23413123','192.168.3.6','2022-02-19 13:05:18','2022-02-19 13:05:18','订单回调','人工操作'),(170,NULL,28,'23413123','192.168.3.6','2022-02-19 13:06:17','2022-02-19 13:06:17','订单回调','人工操作'),(171,NULL,28,'23413123','192.168.3.6','2022-02-19 18:20:00','2022-02-19 18:20:00','订单回调','人工操作'),(172,NULL,28,'23413123','192.168.3.6','2022-02-20 12:12:07','2022-02-20 12:12:07','订单回调','人工操作'),(173,NULL,14,'12121212121','192.168.3.6','2022-02-23 20:56:24','2022-02-23 20:56:24','订单回调','人工操作'),(174,NULL,14,'12121212121','192.168.3.6','2022-02-23 20:58:14','2022-02-23 20:58:14','订单回调','人工操作'),(175,NULL,14,'12121212121','192.168.3.6','2022-02-23 21:00:03','2022-02-23 21:00:03','订单回调','人工操作'),(176,NULL,14,'12121212121','192.168.3.6','2022-02-23 21:02:02','2022-02-23 21:02:02','订单回调','人工操作'),(177,NULL,14,'12121212121','192.168.3.6','2022-02-23 21:04:58','2022-02-23 21:04:58','订单回调','人工操作'),(178,NULL,14,'12121212121','192.168.3.6','2022-02-23 21:06:54','2022-02-23 21:06:54','订单回调','人工操作'),(179,NULL,14,'12121212121','192.168.3.6','2022-02-23 21:19:33','2022-02-23 21:19:33','订单回调','人工操作'),(180,NULL,28,'12121212121','192.168.3.6','2022-03-06 15:23:50','2022-03-06 15:23:50','订单回调','人工操作'),(181,NULL,28,'12121212121','192.168.3.6','2022-03-06 15:25:37','2022-03-06 15:25:37','订单回调','人工操作'),(182,NULL,74,'20220306225447873LI74','171.44.146.220','2022-03-06 22:58:10','2022-03-06 22:58:10','订单回调','人工操作'),(183,NULL,76,'20220306225621075V7A1','212.107.28.136','2022-03-06 22:59:05','2022-03-06 22:59:05','订单回调','人工操作'),(184,NULL,75,'20220306225850958LTMI','117.150.24.6','2022-03-06 23:00:11','2022-03-06 23:00:11','订单回调','人工操作'),(185,NULL,74,'20220306225957632RTXO','171.44.146.220','2022-03-06 23:00:58','2022-03-06 23:00:58','订单回调','人工操作'),(186,NULL,76,'20220306230122000CWEM','212.107.28.136','2022-03-06 23:03:32','2022-03-06 23:03:32','订单回调','人工操作'),(187,NULL,74,'202203062303007330LXB','171.44.146.220','2022-03-06 23:06:43','2022-03-06 23:06:43','订单回调','人工操作'),(188,NULL,76,'20220306230513882BLPW','212.107.28.136','2022-03-06 23:06:48','2022-03-06 23:06:48','订单回调','人工操作'),(189,NULL,75,'202203062306088187SUK','117.150.24.6','2022-03-06 23:07:03','2022-03-06 23:07:03','订单回调','人工操作'),(190,NULL,74,'202203062307554075KB6','171.44.146.220','2022-03-06 23:09:33','2022-03-06 23:09:33','订单回调','人工操作'),(191,NULL,76,'202203062307591969S5V','212.107.28.136','2022-03-06 23:09:55','2022-03-06 23:09:55','订单回调','人工操作'),(192,NULL,75,'20220306231020401VORV','117.150.24.6','2022-03-06 23:11:43','2022-03-06 23:11:43','订单回调','人工操作'),(193,NULL,76,'20220306231209754NDMF','212.107.28.136','2022-03-06 23:13:20','2022-03-06 23:13:20','订单回调','人工操作'),(194,NULL,74,'20220306231104271NHOE','171.44.146.220','2022-03-06 23:13:30','2022-03-06 23:13:30','订单回调','人工操作'),(195,NULL,74,'20220306231104271NHOE','171.44.146.220','2022-03-06 23:13:34','2022-03-06 23:13:34','订单回调','人工操作'),(196,NULL,75,'20220306231323197ZZO0','117.150.24.6','2022-03-06 23:14:36','2022-03-06 23:14:36','订单回调','人工操作'),(197,NULL,74,'20220306231354092PKCD','171.44.146.220','2022-03-06 23:15:47','2022-03-06 23:15:47','订单回调','人工操作'),(198,NULL,76,'20220306231519350HVWC','212.107.28.136','2022-03-06 23:16:40','2022-03-06 23:16:40','订单回调','人工操作'),(199,NULL,75,'20220306231613075IYYA','117.150.24.6','2022-03-06 23:16:50','2022-03-06 23:16:50','订单回调','人工操作'),(200,NULL,76,'20220306231657179N22B','212.107.28.136','2022-03-06 23:17:35','2022-03-06 23:17:35','订单回调','人工操作'),(201,NULL,74,'2022030623163771265LW','171.44.146.220','2022-03-06 23:17:52','2022-03-06 23:17:52','订单回调','人工操作'),(202,NULL,75,'20220306232238699X35H','117.150.24.6','2022-03-06 23:23:31','2022-03-06 23:23:31','订单回调','人工操作'),(203,NULL,74,'20220306232332374MG6Z','171.44.146.220','2022-03-06 23:24:18','2022-03-06 23:24:18','订单回调','人工操作'),(204,NULL,76,'202203062324121830IN8','212.107.28.136','2022-03-06 23:24:57','2022-03-06 23:24:57','订单回调','人工操作'),(205,NULL,76,'20220306232758930PM5D','212.107.28.136','2022-03-06 23:28:59','2022-03-06 23:28:59','订单回调','人工操作'),(206,NULL,74,'20220306233115405VDD6','171.44.146.220','2022-03-06 23:32:27','2022-03-06 23:32:27','订单回调','人工操作'),(207,NULL,74,'20220306233327575413H','171.44.146.220','2022-03-06 23:34:30','2022-03-06 23:34:30','订单回调','人工操作'),(208,NULL,74,'20220306233649147C2KS','171.44.146.220','2022-03-06 23:38:29','2022-03-06 23:38:29','订单回调','人工操作'),(209,NULL,76,'20220306233915030MG4X','212.107.28.136','2022-03-06 23:41:32','2022-03-06 23:41:32','订单回调','人工操作'),(210,NULL,74,'20220306234348828PCCA','171.44.146.220','2022-03-06 23:44:36','2022-03-06 23:44:36','订单回调','人工操作'),(211,NULL,76,'20220306234221038OCBY','212.107.28.136','2022-03-06 23:44:59','2022-03-06 23:44:59','订单回调','人工操作'),(212,NULL,75,'202203062344259319B5R','117.150.24.6','2022-03-06 23:45:08','2022-03-06 23:45:08','订单回调','人工操作'),(213,NULL,76,'DOGG01CN223062UJSA','212.107.28.136','2022-03-06 23:46:35','2022-03-06 23:46:35','订单回调','人工操作'),(214,NULL,75,'20220306230147408IR7Z','117.150.24.6','2022-03-06 23:46:44','2022-03-06 23:46:44','订单回调','人工操作'),(215,NULL,75,'DOGG01CN223062UJSE','117.150.24.6','2022-03-06 23:47:24','2022-03-06 23:47:24','订单回调','人工操作'),(216,NULL,76,'20220306234808191L0Q3','212.107.28.136','2022-03-06 23:50:00','2022-03-06 23:50:00','订单回调','人工操作'),(217,NULL,75,'DOGG01CN223062UJVV','117.150.24.6','2022-03-06 23:52:04','2022-03-06 23:52:04','订单回调','人工操作'),(218,NULL,76,'DOGG01CN223062UJWH','212.107.28.136','2022-03-06 23:53:37','2022-03-06 23:53:37','订单回调','人工操作'),(219,NULL,76,'DOGG03CN22306XP3W','212.107.28.136','2022-03-06 23:55:00','2022-03-06 23:55:00','订单回调','人工操作'),(220,NULL,75,'20220306235425049P8SL','117.150.24.6','2022-03-06 23:55:21','2022-03-06 23:55:21','订单回调','人工操作'),(221,NULL,76,'202203062356031759VZZ','212.107.28.136','2022-03-06 23:57:09','2022-03-06 23:57:09','订单回调','人工操作'),(222,NULL,74,'20220306235811132EFEQ','171.44.146.220','2022-03-06 23:59:17','2022-03-06 23:59:17','订单回调','人工操作'),(223,NULL,76,'DOGG01CN223062UK21','212.107.28.136','2022-03-07 00:01:19','2022-03-07 00:01:19','订单回调','人工操作'),(224,NULL,74,'DOGG01CN223072UK2Z','171.44.146.220','2022-03-07 00:01:22','2022-03-07 00:01:22','订单回调','人工操作'),(225,NULL,74,'DOGG01CN223072UK3N','171.44.146.220','2022-03-07 00:03:06','2022-03-07 00:03:06','订单回调','人工操作'),(226,NULL,74,'DOGG01CN223072UK61','171.44.146.220','2022-03-07 00:04:00','2022-03-07 00:04:00','订单回调','人工操作'),(227,NULL,74,'DHAI01CN223072TSAD','171.44.146.220','2022-03-07 00:05:35','2022-03-07 00:05:35','订单回调','人工操作'),(228,NULL,75,'DHAI01CN223072TSAE','117.150.24.6','2022-03-07 00:05:54','2022-03-07 00:05:54','订单回调','人工操作'),(229,NULL,75,'DHAI01CN223072TSAY','117.150.24.6','2022-03-07 00:06:31','2022-03-07 00:06:31','订单回调','人工操作'),(230,NULL,75,'20220307000700717ODA9','117.150.24.6','2022-03-07 00:07:45','2022-03-07 00:07:45','订单回调','人工操作'),(231,NULL,74,'20220307000448011MPBL','171.44.146.220','2022-03-07 00:08:33','2022-03-07 00:08:33','订单回调','人工操作'),(232,NULL,75,'DHAI01CN223072TSD7','117.150.24.6','2022-03-07 00:10:21','2022-03-07 00:10:21','订单回调','人工操作'),(233,NULL,76,'DHAI01CN223072TSA7','212.107.28.136','2022-03-07 00:10:31','2022-03-07 00:10:31','订单回调','人工操作'),(234,NULL,76,'DHAI01CN223072TSFS','212.107.28.136','2022-03-07 00:14:44','2022-03-07 00:14:44','订单回调','人工操作'),(235,NULL,75,'20220307000337523I1LI','117.150.24.6','2022-03-07 00:20:21','2022-03-07 00:20:21','订单回调','人工操作'),(236,NULL,76,'DOGG03CN22307XP7H','212.107.28.136','2022-03-07 00:22:23','2022-03-07 00:22:23','订单回调','人工操作'),(237,NULL,1,'DOGG03CN22307XP7S','15.235.142.63','2022-03-07 00:33:46','2022-03-07 00:33:46','订单回调','人工操作'),(238,NULL,74,'DOGG02CN22307Q97J','171.44.146.220','2022-03-07 00:33:53','2022-03-07 00:33:53','订单回调','人工操作'),(239,NULL,74,'DHAI01CN223072TSAS','171.44.146.220','2022-03-07 00:39:00','2022-03-07 00:39:00','订单回调','人工操作'),(240,NULL,28,'10000323333','192.168.3.6','2022-03-08 14:02:23','2022-03-08 14:02:23','卡商分配','人工操作'),(241,NULL,28,'10000323333','192.168.3.6','2022-03-08 14:02:39','2022-03-08 14:02:39','卡商分配','人工操作'),(242,NULL,28,'10000323333','192.168.3.6','2022-03-08 14:09:08','2022-03-08 14:09:08','卡商分配','人工操作'),(243,NULL,28,'10000323333','192.168.3.6','2022-03-08 14:09:32','2022-03-08 14:09:32','订单驳回','人工操作'),(244,NULL,28,'100022','192.168.3.6','2022-03-20 17:11:24','2022-03-20 17:11:24','订单回调','人工操作'),(245,NULL,28,'10000323333','192.168.3.6','2022-03-21 09:57:03','2022-03-21 09:57:03','卡商分配','人工操作'),(246,NULL,28,'100022','192.168.3.6','2022-03-21 16:31:17','2022-03-21 16:31:17','订单回调','人工操作'),(247,NULL,28,'10000323333','192.168.3.6','2022-03-31 09:08:16','2022-03-31 09:08:16','订单回调','人工操作'),(248,NULL,28,'10000323333','192.168.3.6','2022-03-31 09:08:39','2022-03-31 09:08:39','卡商分配','人工操作'),(249,NULL,28,'10000323333','192.168.3.6','2022-03-31 09:08:44','2022-03-31 09:08:44','订单回调','人工操作'),(250,NULL,92,'10002231','192.168.3.6','2022-04-02 21:58:53','2022-04-02 21:58:53','订单回调','人工操作'),(251,NULL,28,'f3fe82dce1b42a5d2908ec0b02283c63','192.168.3.6','2022-05-18 15:19:22','2022-05-18 15:19:22','订单回调','人工操作'),(252,NULL,28,'f3fe82dce1b42a5d2908ec','192.168.3.6','2022-05-18 15:19:59','2022-05-18 15:19:59','订单回调','人工操作'),(253,NULL,28,'f3fe82dce1b42a5d2908ec0b02283c63','192.168.3.6','2022-05-18 15:20:01','2022-05-18 15:20:01','订单回调','人工操作'),(254,NULL,28,'f3fe82dce1b42a5d2908ec','192.168.3.6','2022-05-18 15:22:52','2022-05-18 15:22:52','订单回调','人工操作'),(255,NULL,28,'f3fe82dce1b42a','192.168.3.6','2022-05-19 15:51:22','2022-05-19 15:51:22','订单回调','人工操作'),(256,NULL,28,'f3fe82dce1b42a','192.168.3.6','2022-05-19 15:51:22','2022-05-19 15:51:22','订单回调','人工操作'),(257,NULL,28,'f3fe82dce','192.168.3.6','2022-05-19 15:54:18','2022-05-19 15:54:18','订单回调','人工操作'),(258,NULL,28,'1000121','192.168.3.6','2022-05-19 16:34:07','2022-05-19 16:34:07','卡商分配','人工操作'),(259,NULL,28,'f3fe82dc444','192.168.3.6','2022-05-19 16:45:46','2022-05-19 16:45:46','订单回调','人工操作'),(260,NULL,28,'f3fe82dc444','192.168.3.6','2022-05-30 19:57:19','2022-05-30 19:57:19','订单回调','人工操作');
/*!40000 ALTER TABLE `std_system_log` ENABLE KEYS */;
UNLOCK TABLES;

--
-- Table structure for table `std_user`
--

DROP TABLE IF EXISTS `std_user`;
/*!40101 SET @saved_cs_client     = @@character_set_client */;
/*!50503 SET character_set_client = utf8mb4 */;
CREATE TABLE `std_user` (
  `id` bigint NOT NULL AUTO_INCREMENT COMMENT '用户ID',
  `role_id` bigint DEFAULT NULL COMMENT '角色ID',
  `sex` bigint DEFAULT NULL COMMENT '性别',
  `prov` bigint DEFAULT NULL COMMENT '省市',
  `city` bigint DEFAULT NULL COMMENT '城市',
  `dist` bigint DEFAULT NULL COMMENT '区县',
  `status` bigint DEFAULT NULL COMMENT '状态',
  `refer_id` bigint DEFAULT NULL COMMENT '引用ID',
  `point` bigint DEFAULT NULL COMMENT '积分',
  `level` bigint DEFAULT NULL COMMENT '级别',
  `exp` bigint DEFAULT '0',
  `username` varchar(128) DEFAULT NULL COMMENT '账号',
  `password` varchar(128) DEFAULT NULL COMMENT '密码',
  `secret` varchar(255) DEFAULT NULL COMMENT '谷歌密钥',
  `unionid` varchar(128) DEFAULT NULL COMMENT '微信unionid',
  `openid` varchar(128) DEFAULT NULL COMMENT '微信openid',
  `avatar` varchar(255) DEFAULT NULL COMMENT '头像',
  `mobile` varchar(128) DEFAULT NULL COMMENT '电话',
  `email` varchar(128) DEFAULT NULL COMMENT '邮箱',
  `desc` varchar(255) DEFAULT NULL COMMENT '描述',
  `attach` varchar(512) DEFAULT NULL COMMENT '附件',
  `invite_code` varchar(6) DEFAULT NULL COMMENT '邀请码',
  `login_ip` varchar(32) DEFAULT NULL COMMENT '登录IP',
  `login_at` datetime DEFAULT NULL COMMENT '登录时间',
  `updated_at` datetime DEFAULT NULL COMMENT '更新时间',
  `created_at` datetime DEFAULT NULL COMMENT '创建时间',
  `birthady` datetime DEFAULT NULL COMMENT '用户日生',
  `health` bigint DEFAULT NULL COMMENT '生命值',
  `nickname` varchar(128) DEFAULT NULL COMMENT '昵称',
  `member_id` bigint DEFAULT NULL COMMENT '商户编号-&gt;std_member.id',
  `token` varchar(255) DEFAULT NULL COMMENT '用户token',
  `parent_id` bigint DEFAULT '0',
  `channel_id` bigint DEFAULT '0',
  `round_id` bigint DEFAULT '0',
  PRIMARY KEY (`id`)
) ENGINE=InnoDB AUTO_INCREMENT=100 DEFAULT CHARSET=utf8mb4 COLLATE=utf8mb4_0900_ai_ci;
/*!40101 SET character_set_client = @saved_cs_client */;

--
-- Dumping data for table `std_user`
--

LOCK TABLES `std_user` WRITE;
/*!40000 ALTER TABLE `std_user` DISABLE KEYS */;
INSERT INTO `std_user` VALUES (1,1,NULL,NULL,NULL,NULL,1,NULL,NULL,2,1,'admin','f75edfb9308c0a15c48ede96b562afbd','FPXI5HSB6Q7FIQVKW4XC4R7IF6XS32HV',NULL,NULL,NULL,NULL,NULL,NULL,NULL,NULL,'103.84.84.218','2022-03-06 16:50:35','2022-03-06 16:50:35',NULL,NULL,NULL,NULL,NULL,'9fa12ce26548e1e6944475d2b072edcf',0,0,0),(20,3,NULL,NULL,NULL,NULL,1,0,NULL,2,1,'sh-test','e10adc3949ba59abbe56e057f20f883e','KNBKOEPWCR72VJXVKQUSLIZ2ENNTXACY',NULL,NULL,NULL,NULL,NULL,NULL,NULL,'218997','192.168.3.6','2022-05-19 15:58:33','2022-09-02 15:36:52','2021-03-27 09:29:16',NULL,NULL,NULL,NULL,'4feb4059b284e21a00e8c05ff9d94812',0,0,0),(25,2,NULL,NULL,NULL,NULL,1,NULL,NULL,2,1,'test','e10adc3949ba59abbe56e057f20f883e',NULL,NULL,NULL,NULL,NULL,NULL,NULL,NULL,'517805','192.168.3.6','2021-10-18 09:46:34','2021-12-10 13:12:21','2021-04-06 10:37:16',NULL,NULL,NULL,NULL,'4feb4059b284e21a00e8c05ff9d94812',0,0,0),(28,1,NULL,NULL,NULL,NULL,1,NULL,NULL,2,1,'root','02c007119f71d313db1a754a2298df29',NULL,NULL,NULL,NULL,NULL,NULL,NULL,NULL,'844567','192.168.3.188','2022-09-02 20:18:07','2022-09-02 20:18:07','2021-04-09 18:03:47',NULL,NULL,NULL,NULL,'93630aa2f32f43349cc88c8ce94335de',0,0,0),(46,2,NULL,NULL,NULL,NULL,1,NULL,NULL,2,1,'1212121212','8ce87b8ec346ff4c80635f667d1592ae',NULL,NULL,NULL,NULL,NULL,NULL,NULL,NULL,'907791',NULL,NULL,'2021-12-10 13:12:21','2021-10-19 10:20:13',NULL,NULL,NULL,NULL,NULL,0,0,0),(73,3,NULL,NULL,NULL,NULL,1,NULL,NULL,2,2,'zhonghen','e10adc3949ba59abbe56e057f20f883e',NULL,NULL,NULL,NULL,NULL,NULL,NULL,NULL,'925064',NULL,NULL,'2022-03-06 21:51:26','2022-03-06 15:58:30',NULL,NULL,NULL,NULL,NULL,0,0,0),(90,3,NULL,NULL,NULL,NULL,1,NULL,NULL,2,2,'123123123123123','e277dd1e05688a22e377e25a3dae5de1',NULL,NULL,NULL,NULL,NULL,NULL,NULL,NULL,'635785',NULL,NULL,'2022-03-21 09:23:20','2022-03-21 09:23:20',NULL,NULL,NULL,NULL,NULL,0,NULL,0),(96,4,NULL,NULL,NULL,NULL,1,NULL,NULL,2,2,'wxhb001','468298c18344809aa907fbcbda16b7e7',NULL,NULL,NULL,NULL,NULL,NULL,NULL,NULL,'415391','192.168.3.6','2022-05-26 23:30:57','2022-05-26 23:30:57','2022-05-26 23:30:50',NULL,NULL,NULL,NULL,'c5cc8fd3ffe532a67b87371e984d8d7a',0,8,0),(97,4,NULL,NULL,NULL,NULL,1,NULL,NULL,2,2,'yhk0001','e85e585f4e820a01f9f67163ce14caee',NULL,NULL,NULL,NULL,NULL,NULL,NULL,NULL,'302718','192.168.3.6','2022-07-08 18:34:19','2022-07-08 18:34:19','2022-07-08 18:34:08',NULL,NULL,NULL,NULL,'42b4c65cfc7838e7ad09be8a710d48c8',0,2,0),(98,3,NULL,NULL,NULL,NULL,1,NULL,NULL,2,2,'23123','4297f44b13955235245b2497399d7a93',NULL,NULL,NULL,NULL,NULL,NULL,NULL,NULL,'764905',NULL,NULL,'2022-07-15 11:31:36','2022-07-15 11:31:36',NULL,NULL,NULL,NULL,NULL,0,NULL,0),(99,4,NULL,NULL,NULL,NULL,1,NULL,NULL,2,2,'gm0001','ad12121e59e90c4ac0a84f2832f41dab',NULL,NULL,NULL,NULL,NULL,NULL,NULL,NULL,'786349','192.168.3.188','2022-09-02 19:58:19','2022-09-02 19:58:19','2022-09-02 15:44:09',NULL,NULL,NULL,NULL,'a7f23269b4ef38ea1d1ad6661b654bfe',0,10,0);
/*!40000 ALTER TABLE `std_user` ENABLE KEYS */;
UNLOCK TABLES;

--
-- Table structure for table `std_user_balance`
--

DROP TABLE IF EXISTS `std_user_balance`;
/*!40101 SET @saved_cs_client     = @@character_set_client */;
/*!50503 SET character_set_client = utf8mb4 */;
CREATE TABLE `std_user_balance` (
  `id` bigint NOT NULL AUTO_INCREMENT COMMENT '编号',
  `user_id` bigint DEFAULT '0' COMMENT '用户编号-&gt;std_user.id',
  `balance` decimal(18,6) DEFAULT '0.000000' COMMENT '余额',
  `frozen` decimal(18,6) DEFAULT '0.000000' COMMENT '冻结金额',
  `credit` decimal(18,6) DEFAULT '0.000000' COMMENT '额度',
  `updated_at` datetime DEFAULT NULL COMMENT '更新时间',
  `created_at` datetime DEFAULT NULL COMMENT '创建时间',
  PRIMARY KEY (`id`)
) ENGINE=InnoDB AUTO_INCREMENT=92 DEFAULT CHARSET=utf8mb4 COLLATE=utf8mb4_0900_ai_ci;
/*!40101 SET character_set_client = @saved_cs_client */;

--
-- Dumping data for table `std_user_balance`
--

LOCK TABLES `std_user_balance` WRITE;
/*!40000 ALTER TABLE `std_user_balance` DISABLE KEYS */;
INSERT INTO `std_user_balance` VALUES (1,1,0.000000,200.000000,0.000000,'2021-04-15 22:49:59',NULL),(12,20,200004298.000000,0.000000,0.000000,'2022-05-30 19:57:19','2021-03-27 09:29:16'),(17,25,0.000000,0.000000,0.000000,'2021-10-18 09:45:09','2021-04-06 10:37:16'),(20,28,0.000000,0.000000,0.000000,'2021-04-09 18:03:47','2021-04-09 18:03:47'),(38,46,0.000000,0.000000,0.000000,'2021-10-19 10:20:13','2021-10-19 10:20:13'),(55,63,0.000000,0.000000,0.000000,'2022-01-25 15:37:01','2022-01-25 15:37:01'),(65,73,14719.000000,0.000000,0.000000,'2022-03-07 00:14:43','2022-03-06 15:58:30'),(82,90,0.000000,0.000000,0.000000,'2022-03-21 09:23:20','2022-03-21 09:23:20'),(84,92,0.000000,0.000000,0.000000,'2022-03-31 09:00:49','2022-03-31 09:00:49'),(85,93,0.000000,0.000000,0.000000,'2022-05-13 19:27:29','2022-05-13 19:27:29'),(86,94,0.000000,0.000000,0.000000,'2022-05-24 20:05:23','2022-05-24 20:05:23'),(87,95,0.000000,0.000000,0.000000,'2022-05-25 20:21:21','2022-05-25 20:21:21'),(88,96,0.000000,0.000000,0.000000,'2022-05-26 23:30:50','2022-05-26 23:30:50'),(89,97,0.000000,0.000000,0.000000,'2022-07-08 18:34:08','2022-07-08 18:34:08'),(90,98,0.000000,0.000000,0.000000,'2022-07-15 11:31:36','2022-07-15 11:31:36'),(91,99,0.000000,0.000000,0.000000,'2022-09-02 15:44:09','2022-09-02 15:44:09');
/*!40000 ALTER TABLE `std_user_balance` ENABLE KEYS */;
UNLOCK TABLES;

--
-- Table structure for table `std_version`
--

DROP TABLE IF EXISTS `std_version`;
/*!40101 SET @saved_cs_client     = @@character_set_client */;
/*!50503 SET character_set_client = utf8mb4 */;
CREATE TABLE `std_version` (
  `id` bigint NOT NULL AUTO_INCREMENT COMMENT 'id',
  `url` varchar(255) DEFAULT NULL COMMENT '下载地址',
  `title` varchar(255) DEFAULT NULL COMMENT '标题',
  `number` varchar(128) DEFAULT NULL COMMENT '版本号',
  `updated_at` datetime DEFAULT NULL COMMENT '更新时间',
  `created_at` datetime DEFAULT NULL COMMENT '建创时间',
  PRIMARY KEY (`id`)
) ENGINE=InnoDB AUTO_INCREMENT=2 DEFAULT CHARSET=utf8mb4 COLLATE=utf8mb4_0900_ai_ci;
/*!40101 SET character_set_client = @saved_cs_client */;

--
-- Dumping data for table `std_version`
--

LOCK TABLES `std_version` WRITE;
/*!40000 ALTER TABLE `std_version` DISABLE KEYS */;
INSERT INTO `std_version` VALUES (1,NULL,'Apk-1.0.5','1.0.5','2021-04-25 11:16:54',NULL);
/*!40000 ALTER TABLE `std_version` ENABLE KEYS */;
UNLOCK TABLES;

--
-- Table structure for table `std_withdrawal`
--

DROP TABLE IF EXISTS `std_withdrawal`;
/*!40101 SET @saved_cs_client     = @@character_set_client */;
/*!50503 SET character_set_client = utf8mb4 */;
CREATE TABLE `std_withdrawal` (
  `id` bigint NOT NULL AUTO_INCREMENT COMMENT '编号',
  `user_id` bigint DEFAULT '0' COMMENT '用户编号-&gt;std_user.id',
  `status` bigint DEFAULT '0' COMMENT '状态',
  `upload` varchar(255) DEFAULT NULL COMMENT '凭证地址',
  `bank_id` bigint DEFAULT '0' COMMENT '银行卡编号-&gt;std_bank_card.id',
  `amount` decimal(10,2) DEFAULT '0.00' COMMENT '金额',
  `bill_id` bigint DEFAULT '0' COMMENT '账单编号-&gt;std_biil.id',
  `updated_at` datetime DEFAULT NULL COMMENT '更新时间',
  `created_at` datetime DEFAULT NULL COMMENT '建创时间',
  `auth_id` bigint DEFAULT '0' COMMENT '审核者编号-&gt;std_user.id',
  `usdt` decimal(10,5) DEFAULT NULL,
  `rate` decimal(10,5) DEFAULT NULL,
  PRIMARY KEY (`id`)
) ENGINE=InnoDB AUTO_INCREMENT=18 DEFAULT CHARSET=utf8mb4 COLLATE=utf8mb4_0900_ai_ci;
/*!40101 SET character_set_client = @saved_cs_client */;

--
-- Dumping data for table `std_withdrawal`
--

LOCK TABLES `std_withdrawal` WRITE;
/*!40000 ALTER TABLE `std_withdrawal` DISABLE KEYS */;
INSERT INTO `std_withdrawal` VALUES (13,20,2,'234asdfasf',0,4500.00,0,'2021-08-28 12:31:59','2021-08-28 12:27:29',0,1000.00000,4.50000),(14,20,1,'asdfasdfasdf',0,4500.00,0,'2021-08-28 12:33:05','2021-08-28 12:32:49',0,1000.00000,4.50000),(15,20,3,'sdfasdfadf',0,900.00,0,'2021-08-28 12:48:51','2021-08-28 12:48:51',0,200.00000,4.50000),(16,39,3,'wwwwww',0,645.00,0,'2021-08-29 21:09:56','2021-08-29 21:09:56',0,100.00000,6.45000),(17,39,3,'TTsssseeee',0,322.00,0,'2021-08-30 14:53:21','2021-08-30 14:53:21',0,50.00000,6.44000);
/*!40000 ALTER TABLE `std_withdrawal` ENABLE KEYS */;
UNLOCK TABLES;
/*!40103 SET TIME_ZONE=@OLD_TIME_ZONE */;

/*!40101 SET SQL_MODE=@OLD_SQL_MODE */;
/*!40014 SET FOREIGN_KEY_CHECKS=@OLD_FOREIGN_KEY_CHECKS */;
/*!40014 SET UNIQUE_CHECKS=@OLD_UNIQUE_CHECKS */;
/*!40101 SET CHARACTER_SET_CLIENT=@OLD_CHARACTER_SET_CLIENT */;
/*!40101 SET CHARACTER_SET_RESULTS=@OLD_CHARACTER_SET_RESULTS */;
/*!40101 SET COLLATION_CONNECTION=@OLD_COLLATION_CONNECTION */;
/*!40111 SET SQL_NOTES=@OLD_SQL_NOTES */;

-- Dump completed on 2022-09-02 20:23:35
